YearTerm,Number,Course Title,A+,A,A-,B+,B,B-,C+,C,C-,D+,D,D-,F,Instructor,Year,Total,Average A,GPA,Term
2010-fa,101,Intro Computing: Engrg & Sci,49,74,68,67,56,46,39,25,16,9,6,8,2,"Gambill, Thomas N",2010,465,26.451612903225808,3.1105591397849466,fa
2014-sp,101,Intro Computing: Engrg & Sci,113,74,59,56,42,37,33,29,21,18,8,8,23,"Gambill, Thomas N",2014,521,35.892514395393476,3.0385028790786945,sp
2010-sp,101,Intro Computing: Engrg & Sci,66,78,83,65,40,44,17,20,13,12,5,1,11,"Shifteh Far, Saeidreza",2010,455,31.648351648351646,3.203274725274725,sp
2011-fa,101,Intro Computing: Engrg & Sci,115,80,49,47,41,45,26,20,14,8,7,6,4,"Gambill, Thomas N",2011,462,42.2077922077922,3.257813852813853,fa
2011-sp,101,Intro Computing: Engrg & Sci,106,103,78,52,42,33,19,12,9,4,4,8,4,"Gambill, Thomas N",2011,474,44.09282700421941,3.3913713080168773,sp
2013-fa,101,Intro Computing: Engrg & Sci,82,64,56,51,53,53,34,33,28,23,13,11,17,"Gambill, Thomas N",2013,518,28.185328185328185,2.9011583011583006,fa
2013-sp,101,Intro Computing: Engrg & Sci,104,85,71,67,44,45,38,24,22,14,5,4,8,"Gambill, Thomas N",2013,531,35.59322033898305,3.1853295668549904,sp
2014-fa,101,Intro Computing: Engrg & Sci,79,51,64,66,78,66,57,48,39,35,20,13,50,"Gambill, Thomas N",2014,666,19.51951951951952,2.633753753753753,fa
2012-fa,101,Intro Computing: Engrg & Sci,86,61,56,40,52,41,36,30,14,10,4,4,15,"Gambill, Thomas N",2012,449,32.73942093541203,3.0722271714922056,fa
2015-fa,101,Intro Computing: Engrg & Sci,7,213,76,83,142,35,23,53,12,0,26,0,24,"Cunningham, Ryan M",2015,694,31.70028818443804,3.1129538904899134,fa
2015-sp,101,Intro Computing: Engrg & Sci,116,83,83,68,73,66,48,43,16,20,19,7,35,"Gambill, Thomas N",2015,677,29.394387001477106,2.949955686853767,sp
2016-fa,101,Intro Computing: Engrg & Sci,93,154,124,67,72,36,39,26,11,10,15,14,21,"Davis, Neal E",2016,682,36.21700879765396,3.1924193548387096,fa
2017-fa,101,Intro Computing: Engrg & Sci,439,90,43,30,19,16,5,9,6,1,9,0,14,"Davis, Neal E",2017,681,77.67988252569751,3.705477239353891,fa
2017-sp,101,Intro Computing: Engrg & Sci,239,159,72,61,44,24,9,12,9,7,2,4,15,"Davis, Neal E",2017,657,60.57838660578386,3.545570776255707,sp
2018-fa,101,Intro Computing: Engrg & Sci,263,162,72,59,40,16,12,11,5,8,7,6,11,"Davis, Neal E",2018,672,63.24404761904761,3.5764880952380946,fa
2018-sp,101,Intro Computing: Engrg & Sci,360,128,67,37,25,14,16,12,12,2,5,3,8,"Davis, Neal E",2018,689,70.82728592162555,3.663962264150944,sp
2016-sp,101,Intro Computing: Engrg & Sci,6,341,78,65,96,14,13,33,11,0,15,0,16,"Cunningham, Ryan M",2016,688,50.43604651162791,3.4095203488372094,sp
2013-sp,105,Intro Computing: Non-Tech,59,181,86,84,80,34,27,21,5,7,4,0,5,"Zhao, Kai",2013,593,40.472175379426645,3.3940809443507587,sp
2014-sp,105,Intro Computing: Non-Tech,35,82,62,70,59,35,32,23,8,7,5,5,6,"Fagen, Wade A",2014,429,27.27272727272727,3.1484149184149177,sp
2010-fa,105,Intro Computing: Non-Tech,45,169,102,71,119,81,70,110,19,5,11,7,8,"Gambill, Thomas N",2010,817,26.193390452876375,3.032080783353733,fa
2010-sp,105,Intro Computing: Non-Tech,47,130,94,86,83,36,53,31,42,18,11,7,8,"Charalambides, Minas",2010,646,27.39938080495356,3.0646130030959755,sp
2011-fa,105,Intro Computing: Non-Tech,129,147,106,96,124,70,40,48,18,15,22,7,10,"Gambill, Thomas N",2011,832,33.17307692307692,3.170072115384615,fa
2012-fa,105,Intro Computing: Non-Tech,52,193,170,144,122,62,45,34,15,9,4,1,2,"Zhao, Kai",2012,853,28.722157092614303,3.317116060961313,fa
2013-fa,105,Intro Computing: Non-Tech,67,145,136,103,138,62,33,0,49,11,9,4,11,"Zhao, Kai",2013,768,27.604166666666668,3.196197916666666,fa
2014-fa,105,Intro Computing: Non-Tech,77,169,135,106,133,67,36,45,22,13,17,2,14,"Fagen, Wade A",2014,836,29.42583732057416,3.177715311004785,fa
2017-sp,105,Intro Computing: Non-Tech,184,130,64,42,41,21,11,14,1,5,9,1,21,"Haberman, Michael",2017,544,57.720588235294116,3.4585110294117656,sp
2015-fa,105,Intro Computing: Non-Tech,268,237,111,87,81,36,22,12,9,8,4,1,9,"Fagen, Wade A",2015,885,57.06214689265536,3.5726553672316386,fa
2016-fa,105,Intro Computing: Non-Tech,125,191,109,87,76,25,15,8,6,4,2,1,11,"Hellwig, Martin",2016,660,47.878787878787875,3.5112878787878783,fa
2016-sp,105,Intro Computing: Non-Tech,161,135,86,49,34,15,11,3,4,1,1,0,8,"Hellwig, Martin",2016,508,58.26771653543307,3.6328346456692913,sp
2017-fa,105,Intro Computing: Non-Tech,40,157,204,0,100,0,0,15,0,0,4,0,8,"Harris, Albert F",2017,528,37.31060606060606,3.542954545454545,fa
2018-fa,105,Intro Computing: Non-Tech,124,95,66,56,46,31,25,24,12,0,14,0,7,"Harris, Albert F",2018,500,43.8,3.33152,fa
2018-sp,105,Intro Computing: Non-Tech,43,134,115,60,45,50,19,16,20,0,18,0,13,"Harris, Albert F",2018,533,33.20825515947467,3.238311444652908,sp
2015-sp,105,Intro Computing: Non-Tech,60,101,61,40,52,41,25,24,10,6,2,1,8,"Fagen, Wade A",2015,431,37.35498839907193,3.2485846867749424,sp
2011-sp,105,Intro Computing: Non-Tech,30,86,66,53,88,45,40,47,17,5,18,3,14,"Lauterburg, Steven T",2011,512,22.65625,2.9474804687500007,sp
2014-sp,125,Intro to Computer Science,60,109,38,53,28,19,15,15,16,0,10,0,13,"Angrave, Lawrence C",2014,376,44.9468085106383,3.266888297872341,sp
2010-fa,125,Intro to Computer Science,73,66,59,33,4,10,11,9,14,1,1,8,9,"Angrave, Lawrence C",2010,298,46.644295302013425,3.3416778523489934,fa
2010-sp,125,Intro to Computer Science,12,27,18,12,4,11,10,7,8,3,0,3,3,"Fogla, Navin",2010,118,33.05084745762712,3.051271186440678,sp
2011-fa,125,Intro to Computer Science,70,79,73,33,16,13,11,13,12,0,7,0,22,"Angrave, Lawrence C",2011,349,42.693409742120345,3.2526647564469915,fa
2011-sp,125,Intro to Computer Science,27,41,31,26,4,16,8,9,10,0,8,0,9,"Angrave, Lawrence C",2011,189,35.978835978835974,3.113280423280423,sp
2012-fa,125,Intro to Computer Science,36,63,81,41,37,20,19,25,22,0,11,0,20,"Angrave, Lawrence C",2012,375,26.400000000000002,3.0298933333333333,fa
2013-fa,125,Intro to Computer Science,28,131,35,35,68,20,14,27,11,0,13,11,13,"Zilles, Craig",2013,406,39.16256157635468,3.1127093596059106,fa
2014-fa,125,Intro to Computer Science,137,129,29,21,33,10,6,17,2,0,0,1,8,"Chapman, William L",2014,393,67.68447837150127,3.6082697201017817,fa
2016-fa,125,Intro to Computer Science,103,178,78,34,63,49,36,27,9,3,1,3,3,"Chapman, William L",2016,587,47.87052810902896,3.412640545144804,fa
2015-fa,125,Intro to Computer Science,152,170,42,44,49,15,34,41,4,6,1,1,12,"Chapman, William L",2015,571,56.3922942206655,3.42077057793345,fa
2013-sp,125,Intro to Computer Science,47,88,50,36,23,16,14,28,10,0,10,1,16,"Angrave, Lawrence C",2013,339,39.823008849557525,3.1595575221238943,sp
2016-sp,125,Intro to Computer Science,108,184,59,42,70,13,37,26,7,3,4,1,9,"Chapman, William L",2016,563,51.865008880994665,3.4239076376554176,sp
2017-fa,125,Intro to Computer Science,19,264,77,68,45,43,68,35,24,0,24,0,17,"Angrave, Lawrence C",2017,684,41.37426900584795,3.1920467836257305,fa
2017-sp,125,Intro to Computer Science,77,141,61,30,68,40,36,36,29,6,4,1,3,"Chapman, William L",2017,532,40.97744360902256,3.239718045112782,sp
2018-fa,125,Intro to Computer Science,143,389,53,34,32,19,8,7,8,0,14,0,20,"Challen, Geoffrey W",2018,727,73.17744154057772,3.63474552957359,fa
2018-sp,125,Intro to Computer Science,56,169,40,43,33,19,16,10,8,0,9,0,10,"Challen, Geoffrey W",2018,413,54.47941888619855,3.4367070217917672,sp
2015-sp,125,Intro to Computer Science,122,152,65,47,63,17,29,39,12,8,3,5,7,"Chapman, William L",2015,569,48.154657293497365,3.3533391915641477,sp
2016-fa,126,Software Design Studio,4,23,0,3,1,1,1,0,1,0,0,0,0,"Zilles, Craig",2016,34,79.41176470588235,3.754705882352941,fa
2017-fa,126,Software Design Studio,22,23,18,10,18,3,6,5,2,0,1,0,3,"Zilles, Craig",2017,111,40.54054054054054,3.3305405405405404,fa
2017-sp,126,Software Design Studio,36,47,58,47,20,20,10,6,6,3,0,1,7,"Angrave, Lawrence C",2017,261,31.800766283524908,3.313218390804597,sp
2018-fa,126,Software Design Studio,6,51,23,9,8,4,2,0,0,0,0,0,7,"Evans, Graham C",2018,110,51.81818181818182,3.4701818181818185,fa
2018-sp,126,Software Design Studio,54,92,42,34,13,8,4,1,0,0,0,0,14,"Evans, Graham C",2018,262,55.72519083969466,3.523053435114504,sp
2010-fa,173,Discrete Structures,5,9,23,16,13,18,17,8,19,11,7,12,7,"Fleck, Margaret M",2010,165,8.484848484848486,2.4106666666666667,fa
2010-sp,173,Discrete Structures,14,16,13,18,15,18,20,24,18,10,8,3,4,"Li, Chen",2010,181,16.574585635359114,2.58939226519337,sp
2011-fa,173,Discrete Structures,14,25,16,29,22,17,14,17,15,8,9,7,4,"Fleck, Margaret M",2011,197,19.796954314720814,2.7344162436548225,fa
2011-sp,173,Discrete Structures,12,30,21,37,28,18,30,26,20,15,16,4,30,"Fleck, Margaret M",2011,287,14.634146341463413,2.4190592334494774,sp
2012-fa,173,Discrete Structures,20,46,34,42,51,32,33,31,21,18,13,7,8,"Fleck, Margaret M",2012,356,18.53932584269663,2.760308988764045,fa
2012-sp,173,Discrete Structures,1,0,8,5,2,8,4,0,1,0,0,1,0,"Pittman, Lance C",2012,30,3.3333333333333335,2.9676666666666667,sp
2014-fa,173,Discrete Structures,19,80,65,62,78,36,29,25,11,23,14,10,12,"Fleck, Margaret M",2014,464,21.336206896551722,2.9274999999999998,fa
2013-sp,173,Discrete Structures,19,57,51,48,58,37,31,30,14,11,10,8,9,"Fleck, Margaret M",2013,383,19.843342036553523,2.896605744125327,sp
2013-fa,173,Discrete Structures,19,46,30,46,46,33,30,30,30,9,9,6,13,"Fleck, Margaret M",2013,347,18.73198847262248,2.7503746397694524,fa
2018-sp,173,Discrete Structures,47,101,74,57,62,45,36,29,19,14,12,7,6,"Fleck, Margaret M",2018,509,29.076620825147348,3.0814538310412574,sp
2015-fa,173,Discrete Structures,41,86,88,63,73,53,36,26,16,11,11,5,3,"Fleck, Margaret M",2015,512,24.8046875,3.111015625,fa
2015-sp,173,Discrete Structures,17,103,103,89,80,34,31,22,15,14,10,4,6,"Fleck, Margaret M",2015,528,22.727272727272727,3.139659090909091,sp
2016-fa,173,Discrete Structures,21,79,81,66,71,59,33,38,12,14,9,7,5,"Fleck, Margaret M",2016,495,20.2020202020202,3.0157979797979797,fa
2016-sp,173,Discrete Structures,37,112,59,83,74,35,27,19,8,5,25,3,14,"Fleck, Margaret M",2016,501,29.740518962075846,3.098403193612775,sp
2017-fa,173,Discrete Structures,23,91,81,80,73,57,32,37,13,4,12,9,10,"Fleck, Margaret M",2017,522,21.839080459770116,3.035402298850575,fa
2017-sp,173,Discrete Structures,39,135,82,74,76,38,33,45,15,9,9,5,6,"Fleck, Margaret M",2017,566,30.742049469964666,3.1609187279151945,sp
2018-fa,173,Discrete Structures,56,80,42,37,46,33,23,13,10,7,9,5,9,"Warnow, Tandy",2018,370,36.75675675675676,3.1497567567567564,fa
2014-sp,173,Discrete Structures,36,42,54,48,75,40,30,34,15,12,9,8,14,"Fleck, Margaret M",2014,417,18.705035971223023,2.865923261390887,sp
2013-sp,196,Freshman Honors,6,17,23,9,0,1,2,0,0,0,1,0,3,"Angrave, Lawrence C",2013,62,37.096774193548384,3.463064516129032,sp
2013-fa,196,Freshman Honors,11,58,0,0,2,0,0,0,0,0,0,0,0,"Angrave, Lawrence C",2013,71,97.1830985915493,3.971830985915493,fa
2012-fa,196,Freshman Honors,9,27,10,3,0,0,0,0,1,0,0,0,2,"Angrave, Lawrence C",2012,52,69.23076923076923,3.699230769230769,fa
2011-sp,196,Freshman Honors,2,19,9,2,3,0,0,1,0,0,1,0,0,"Fleck, Margaret M",2011,37,56.75675675675676,3.667297297297297,sp
2011-fa,196,Freshman Honors,8,38,10,4,0,0,0,0,0,0,0,0,2,"Angrave, Lawrence C",2011,62,74.19354838709677,3.774516129032258,fa
2010-sp,196,Freshman Honors,0,47,0,0,0,0,0,0,0,0,0,0,1,"Gambill, Thomas N",2010,48,97.91666666666666,3.9166666666666665,sp
2010-fa,196,Freshman Honors,37,12,5,5,0,2,3,2,1,0,4,0,6,"Angrave, Lawrence C",2010,77,63.63636363636363,3.2857142857142856,fa
2017-fa,196,Freshman Honors,7,119,36,15,9,1,3,1,2,0,0,0,2,"Challen, Geoffrey W",2017,195,64.61538461538461,3.733692307692308,fa
2014-fa,196,Freshman Honors,32,97,14,7,4,4,1,0,0,0,0,0,0,"Chapman, William L",2014,159,81.13207547169812,3.8723270440251576,fa
2015-sp,196,Freshman Honors,29,80,29,12,8,4,1,0,1,0,0,0,0,"Chapman, William L",2015,164,66.46341463414635,3.787012195121951,sp
2015-fa,196,Freshman Honors,70,67,14,1,6,2,1,5,0,0,1,0,2,"Chapman, William L",2015,169,81.06508875739645,3.783313609467456,fa
2018-sp,196,Freshman Honors,5,31,16,6,2,3,0,1,0,0,0,0,0,"Challen, Geoffrey W",2018,64,56.25,3.7298437499999997,sp
2018-fa,196,Freshman Honors,6,61,27,11,3,2,1,5,0,0,0,0,0,"Challen, Geoffrey W",2018,116,57.758620689655174,3.710258620689655,fa
2014-sp,196,Freshman Honors,29,64,4,2,2,1,1,1,3,0,0,0,1,"Angrave, Lawrence C",2014,108,86.11111111111111,3.8087962962962965,sp
2017-sp,196,Freshman Honors,4,25,11,8,2,2,3,0,0,0,0,0,0,"Chapman, William L",2017,55,52.72727272727272,3.660727272727273,sp
2016-sp,196,Freshman Honors,30,45,17,11,9,0,0,1,1,0,0,0,3,"Chapman, William L",2016,117,64.1025641025641,3.6725641025641025,sp
2016-fa,196,Freshman Honors,27,104,0,2,3,1,0,4,0,0,0,0,1,"Chapman, William L",2016,142,92.25352112676056,3.87556338028169,fa
2010-fa,210,Ethical & Professional Issues,25,59,2,3,2,1,0,2,0,0,0,0,1,"Woodbury, Marsha C",2010,95,88.42105263157895,3.8526315789473684,fa
2010-sp,210,Ethical & Professional Issues,0,25,17,6,1,0,3,3,0,0,0,0,0,"Loui, Michael C",2010,55,45.45454545454545,3.6065454545454543,sp
2011-fa,210,Ethical & Professional Issues,23,45,9,10,6,0,0,2,0,0,1,0,0,"Woodbury, Marsha C",2011,96,70.83333333333334,3.7638541666666665,fa
2011-sp,210,Ethical & Professional Issues,0,29,21,2,2,1,1,1,1,0,1,0,0,"Loui, Michael C",2011,59,49.152542372881356,3.650847457627118,sp
2012-fa,210,Ethical & Professional Issues,28,29,20,5,6,4,0,1,0,0,2,0,1,"Woodbury, Marsha C",2012,96,59.375,3.6534374999999994,fa
2013-sp,210,Ethical & Professional Issues,0,46,1,0,31,1,0,8,0,0,2,0,0,"Miller, Keith W",2013,89,51.68539325842697,3.3858426966292132,sp
2014-fa,210,Ethical & Professional Issues,12,89,17,18,29,2,2,9,1,0,3,1,1,"Kirlik, Alex",2014,184,54.891304347826086,3.5145108695652167,fa
2014-sp,210,Ethical & Professional Issues,5,56,21,54,23,2,3,5,1,2,3,6,0,"Kirlik, Alex",2014,181,33.70165745856354,3.3346408839779,sp
2015-fa,210,Ethical & Professional Issues,3,106,32,10,21,5,1,3,0,0,1,0,2,"Cunningham, Ryan M",2015,184,59.2391304347826,3.6544565217391307,fa
2015-sp,210,Ethical & Professional Issues,6,111,29,33,42,8,6,17,2,1,1,0,2,"Cunningham, Ryan M",2015,258,45.348837209302324,3.431511627906977,sp
2016-fa,210,Ethical & Professional Issues,8,128,17,16,15,4,1,3,0,0,1,0,1,"Cunningham, Ryan M",2016,194,70.10309278350515,3.735463917525773,fa
2016-sp,210,Ethical & Professional Issues,3,81,25,18,35,8,8,6,1,0,1,0,3,"Cunningham, Ryan M",2016,189,44.44444444444444,3.4251851851851853,sp
2017-fa,210,Ethical & Professional Issues,32,90,15,5,12,1,1,4,1,0,1,0,6,"Cunningham, Ryan M",2017,168,72.61904761904762,3.639107142857142,fa
2017-sp,210,Ethical & Professional Issues,10,108,20,3,12,2,2,0,1,0,0,0,2,"Cunningham, Ryan M",2017,160,73.75,3.769125,sp
2018-fa,210,Ethical & Professional Issues,27,87,16,6,7,0,0,0,0,0,2,0,0,"Cunningham, Ryan M",2018,145,78.62068965517241,3.8462068965517244,fa
2018-sp,210,Ethical & Professional Issues,49,71,5,5,10,1,0,2,0,0,1,0,1,"Cunningham, Ryan M",2018,145,82.75862068965517,3.81151724137931,sp
2012-sp,225,Data Structures,1,12,6,4,8,2,3,4,5,0,3,0,7,"Toole, John D",2012,55,23.636363636363637,2.6003636363636367,sp
2012-fa,225,Data Structures,3,109,58,23,70,14,13,39,0,0,21,0,21,"Heeren, Cinda",2012,371,30.18867924528302,3.003018867924528,fa
2011-sp,225,Data Structures,0,72,35,12,49,11,9,14,5,0,18,0,7,"Heeren, Cinda",2011,232,31.03448275862069,3.0521551724137934,sp
2014-fa,225,Data Structures,6,145,48,32,76,29,29,37,10,0,50,0,31,"Heeren, Cinda",2014,493,30.628803245436103,2.840608519269777,fa
2010-fa,225,Data Structures,4,69,13,17,65,5,5,38,14,0,22,0,12,"Heeren, Cinda",2010,264,27.65151515151515,2.7943181818181815,fa
2013-sp,225,Data Structures,15,77,75,22,49,25,17,56,0,0,33,0,22,"Heeren, Cinda",2013,391,23.52941176470588,2.851329923273657,sp
2010-sp,225,Data Structures,1,32,6,9,34,5,5,32,0,0,15,0,14,"Kassa, Debessay F",2010,153,21.568627450980394,2.5489542483660133,sp
2011-fa,225,Data Structures,3,101,20,19,72,16,21,34,17,0,10,0,12,"Heeren, Cinda",2011,325,32.0,2.9744923076923073,fa
2013-fa,225,Data Structures,5,165,61,24,61,42,23,30,13,0,21,0,14,"Heeren, Cinda",2013,459,37.03703703703704,3.1268627450980393,fa
2018-sp,225,Data Structures,19,312,41,32,43,33,15,24,12,7,13,17,39,"Fagen-Ulmschnei, Wade A",2018,607,54.53047775947282,3.1875288303130147,sp
2017-fa,225,Data Structures,235,87,54,46,57,33,28,42,17,24,23,28,30,"Fagen-Ulmschnei, Wade A",2017,704,45.73863636363637,3.053664772727273,fa
2015-fa,225,Data Structures,8,175,84,49,95,32,29,46,15,0,32,0,23,"Heeren, Cinda",2015,588,31.122448979591837,3.0450850340136055,fa
2017-sp,225,Data Structures,19,312,55,39,53,27,16,44,0,0,56,0,48,"Heeren, Cinda",2017,669,49.47683109118087,3.0913153961136017,sp
2018-fa,225,Data Structures,25,408,41,45,44,22,28,22,15,6,9,11,21,"Fagen-Ulmschnei, Wade A",2018,697,62.12338593974175,3.4170731707317064,fa
2016-sp,225,Data Structures,16,227,97,45,86,30,21,48,0,0,35,0,30,"Heeren, Cinda",2016,635,38.267716535433074,3.1431023622047243,sp
2015-sp,225,Data Structures,52,145,109,64,47,26,28,23,10,14,10,0,17,"Heeren, Cinda",2015,545,36.14678899082569,3.2442752293577986,sp
2014-sp,225,Data Structures,5,160,44,56,74,39,32,40,12,0,42,0,24,"Heeren, Cinda",2014,528,31.25,2.936912878787879,sp
2016-fa,225,Data Structures,26,296,87,54,73,25,30,47,0,0,35,0,28,"Heeren, Cinda",2016,701,45.93437945791726,3.2407417974322392,fa
2016-sp,233,Computer Architecture,7,64,7,5,35,6,5,24,1,1,10,2,13,"Zilles, Craig",2016,180,39.44444444444444,2.896388888888889,sp
2015-sp,233,Computer Architecture,12,71,17,13,83,4,12,41,2,4,26,9,19,"Zilles, Craig",2015,313,26.517571884984026,2.7092971246006394,sp
2014-fa,233,Computer Architecture,8,37,15,13,57,13,6,16,4,4,13,0,11,"Zilles, Craig",2014,197,22.84263959390863,2.8174111675126903,fa
2015-fa,233,Computer Architecture,12,81,12,13,93,9,7,53,9,0,8,5,11,"Zilles, Craig",2015,313,29.712460063897762,2.910702875399361,fa
2017-sp,233,Computer Architecture,5,69,4,12,44,0,2,15,1,0,14,0,24,"Herman, Geoffrey L",2017,190,38.94736842105263,2.8051052631578943,sp
2018-fa,233,Computer Architecture,13,166,11,12,57,8,4,43,3,1,18,0,13,"Herman, Geoffrey L",2018,349,51.28939828080229,3.1757879656160464,fa
2017-fa,233,Computer Architecture,2,144,8,8,63,7,5,38,2,0,14,0,18,"Herman, Geoffrey L",2017,309,47.249190938511326,3.083106796116505,fa
2018-sp,233,Computer Architecture,5,94,6,13,49,5,6,13,5,1,6,4,12,"Herman, Geoffrey L",2018,219,45.20547945205479,3.105022831050228,sp
2016-fa,233,Computer Architecture,13,142,15,14,83,7,6,43,4,2,21,2,22,"Zilles, Craig",2016,374,41.44385026737968,2.997379679144385,fa
2012-fa,241,System Programming,3,29,6,6,25,6,4,17,5,4,24,3,21,"Kravets, Robin H",2012,153,20.915032679738562,2.2484967320261435,fa
2013-fa,241,System Programming,3,24,19,14,29,16,17,9,10,0,15,0,16,"Fagen, Wade A",2013,172,15.69767441860465,2.577790697674419,fa
2012-sp,241,System Programming,2,3,2,1,4,2,2,4,0,0,3,0,3,"Fagen, Wade A",2012,26,19.230769230769234,2.448846153846154,sp
2010-fa,241,System Programming,10,11,12,13,13,7,5,19,6,0,18,0,13,"Caccamo, Marco",2010,127,16.535433070866144,2.414881889763779,fa
2011-sp,241,System Programming,3,13,10,8,27,11,4,13,5,8,14,7,12,"Kravets, Robin H",2011,135,11.851851851851853,2.3015555555555554,sp
2011-fa,241,System Programming,3,18,8,7,21,3,3,20,7,5,3,3,17,"Kravets, Robin H",2011,118,17.796610169491526,2.356101694915254,fa
2010-sp,241,System Programming,4,45,3,3,18,7,6,19,9,2,7,5,8,"Kravets, Robin H",2010,136,36.029411764705884,2.7184558823529414,sp
2013-sp,241,System Programming,6,18,16,25,30,14,8,17,23,0,8,0,21,"Caccamo, Marco",2013,186,12.903225806451612,2.496774193548387,sp
2014-fa,241,System Programming,21,31,38,56,31,33,21,22,28,11,11,11,12,"Angrave, Lawrence C",2014,326,15.950920245398773,2.7231288343558284,fa
2014-sp,241,System Programming,7,29,11,14,25,10,9,11,8,6,8,5,7,"Caccamo, Marco",2014,150,24.0,2.7223333333333333,sp
2015-fa,241,System Programming,14,17,13,33,16,18,7,14,8,13,7,9,4,"Angrave, Lawrence C",2015,173,17.91907514450867,2.6916184971098267,fa
2018-fa,241,System Programming,45,39,26,21,18,10,25,17,10,10,6,0,40,"Angrave, Lawrence C",2018,267,31.46067415730337,2.660299625468165,fa
2017-sp,241,System Programming,32,31,37,26,20,34,31,28,19,23,17,13,15,"Evans, Graham C",2017,326,19.32515337423313,2.5810122699386504,sp
2017-fa,241,System Programming,11,24,15,21,7,23,12,12,8,7,8,10,5,"Evans, Graham C",2017,163,21.472392638036812,2.6792638036809815,fa
2018-sp,241,System Programming,33,46,15,27,28,16,17,15,11,7,7,6,19,"Angrave, Lawrence C",2018,247,31.983805668016196,2.8177732793522265,sp
2016-fa,241,System Programming,51,48,29,39,26,19,15,8,7,13,14,8,17,"Angrave, Lawrence C",2016,294,33.6734693877551,2.926258503401361,fa
2015-sp,241,System Programming,18,19,31,23,23,19,9,9,11,14,5,3,9,"Angrave, Lawrence C",2015,193,19.170984455958546,2.8034196891191714,sp
2016-sp,241,System Programming,33,30,33,32,43,43,35,14,8,21,11,4,21,"Angrave, Lawrence C",2016,328,19.20731707317073,2.7073170731707314,sp
2013-sp,242,Programming Studio,18,98,16,12,8,4,2,0,1,0,0,0,2,"Woodley, Michael J",2013,161,72.04968944099379,3.7496273291925464,sp
2014-sp,242,Programming Studio,33,75,19,18,8,3,3,8,0,4,4,0,1,"Woodley, Michael J",2014,176,61.36363636363637,3.5567613636363644,sp
2010-sp,242,Programming Studio,33,37,16,8,6,1,0,0,0,0,0,0,0,"Woodley, Michael J",2010,101,69.3069306930693,3.8220792079207926,sp
2011-fa,242,Programming Studio,11,53,16,18,10,3,2,1,1,0,1,0,2,"Woodley, Michael J",2011,118,54.23728813559322,3.5762711864406787,fa
2011-sp,242,Programming Studio,3,25,26,14,18,5,1,3,0,0,3,0,0,"Woodley, Michael J",2011,98,28.57142857142857,3.395102040816327,sp
2012-fa,242,Programming Studio,22,75,17,7,6,1,2,4,0,0,0,0,1,"Woodley, Michael J",2012,135,71.85185185185186,3.755777777777778,fa
2013-fa,242,Programming Studio,9,33,34,27,21,6,7,7,2,1,2,0,1,"Woodley, Michael J",2013,150,28.000000000000004,3.3245999999999993,fa
2014-fa,242,Programming Studio,2,19,51,51,14,19,9,7,0,1,2,0,1,"Woodley, Michael J",2014,176,11.931818181818182,3.250170454545455,fa
2015-sp,242,Programming Studio,10,38,42,24,14,10,4,8,3,4,1,0,4,"Woodley, Michael J",2015,162,29.629629629629626,3.2803086419753082,sp
2015-fa,242,Programming Studio,4,52,60,24,8,3,9,5,1,3,1,1,4,"Woodley, Michael J",2015,175,32.0,3.396742857142857,fa
2016-fa,242,Programming Studio,4,40,53,32,17,6,11,6,0,1,0,0,1,"Woodley, Michael J",2016,171,25.730994152046783,3.4096491228070174,fa
2016-sp,242,Programming Studio,2,39,48,26,20,10,10,8,0,2,0,0,0,"Woodley, Michael J",2016,165,24.848484848484848,3.3660606060606053,sp
2017-fa,242,Programming Studio,13,54,77,33,9,11,10,8,4,1,4,0,8,"Woodley, Michael J",2017,232,28.879310344827587,3.31103448275862,fa
2017-sp,242,Programming Studio,16,54,34,29,12,13,8,2,3,6,0,3,2,"Woodley, Michael J",2017,182,38.46153846153847,3.3499999999999996,sp
2018-fa,242,Programming Studio,27,49,51,31,15,10,7,6,3,3,0,2,9,"Woodley, Michael J",2018,213,35.68075117370892,3.3086854460093904,fa
2018-sp,242,Programming Studio,19,47,39,18,13,9,12,6,3,4,3,3,6,"Woodley, Michael J",2018,182,36.26373626373626,3.216483516483517,sp
2010-fa,242,Programming Studio,6,39,35,27,18,7,0,0,0,0,0,0,0,"Woodley, Michael J",2010,132,34.090909090909086,3.5685606060606063,fa
2014-sp,296,Honors Course,3,75,5,3,8,6,0,3,0,0,2,0,0,"Heeren, Cinda",2014,105,74.28571428571429,3.698666666666667,sp
2012-fa,296,Honors Course,1,22,3,4,0,0,0,0,0,0,0,0,0,"Heeren, Cinda",2012,30,76.66666666666667,3.8776666666666673,fa
2013-fa,296,Honors Course,0,22,7,0,2,0,0,1,0,0,0,0,0,"Heeren, Cinda",2013,32,68.75,3.8028125,fa
2013-sp,296,Honors Course,3,28,7,5,5,3,1,7,0,0,0,0,6,"Heeren, Cinda",2013,65,47.69230769230769,3.1643076923076925,sp
2014-fa,296,Honors Course,14,50,2,7,14,2,0,1,2,0,0,0,9,"Heeren, Cinda",2014,101,63.366336633663366,3.359702970297029,fa
2018-sp,296,Honors Course,13,13,5,2,1,0,0,1,0,0,0,0,4,"Fagen-Ulmschnei, Wade A",2018,39,66.66666666666666,3.436153846153846,sp
2015-fa,296,Honors Course,7,9,6,1,2,1,0,0,0,0,0,0,0,"Zilles, Craig",2015,26,61.53846153846154,3.77,fa
2016-sp,296,Honors Course,11,47,13,10,4,2,0,0,0,0,0,0,0,"Heeren, Cinda",2016,87,66.66666666666666,3.7971264367816087,sp
2017-fa,296,Honors Course,4,104,0,2,6,0,0,9,0,0,0,0,3,"Fagen-Ulmschnei, Wade A",2017,128,84.375,3.70828125,fa
2017-sp,296,Honors Course,42,55,5,4,0,0,0,1,0,0,0,0,0,"Heeren, Cinda",2017,107,90.65420560747664,3.9408411214953274,sp
2018-fa,296,Honors Course,0,72,2,0,3,2,0,2,0,0,0,0,1,"Fagen-Ulmschnei, Wade A",2018,82,87.8048780487805,3.825365853658536,fa
2016-fa,296,Honors Course,7,83,14,4,0,1,2,3,1,1,0,0,1,"Heeren, Cinda",2016,117,76.92307692307693,3.7694871794871796,fa
2015-sp,296,Honors Course,8,52,7,3,13,1,0,4,0,0,2,0,4,"Heeren, Cinda",2015,94,63.829787234042556,3.4824468085106384,sp
2014-sp,357,Numerical Methods I,5,19,23,26,35,27,19,16,9,8,3,6,2,"Semeraro, Bart D",2014,198,12.121212121212121,2.793131313131313,sp
2010-fa,357,Numerical Methods I,8,23,0,14,7,0,5,14,12,0,15,0,6,"Hirani, Anil N",2010,104,29.807692307692307,2.5606730769230768,fa
2010-sp,357,Numerical Methods I,2,56,25,14,20,12,2,5,3,0,1,2,4,"Gropp, William D",2010,146,39.726027397260275,3.317945205479452,sp
2011-fa,357,Numerical Methods I,9,37,18,26,25,11,19,7,9,0,2,0,2,"Yershova, Ganna",2011,165,27.878787878787882,3.129151515151515,fa
2011-sp,357,Numerical Methods I,14,28,25,31,28,5,15,10,4,2,5,0,1,"Gambill, Thomas N",2011,168,25.0,3.1524999999999994,sp
2012-fa,357,Numerical Methods I,2,30,13,28,18,12,3,12,4,1,6,0,3,"Hirani, Anil N",2012,132,24.242424242424242,3.030227272727273,fa
2013-fa,357,Numerical Methods I,33,28,28,22,30,11,10,11,3,1,4,2,3,"Semeraro, Bart D",2013,186,32.795698924731184,3.2062903225806454,fa
2014-fa,357,Numerical Methods I,7,61,23,20,30,20,11,19,4,13,7,3,5,"Kloeckner, Andreas P",2014,223,30.493273542600896,2.9731838565022417,fa
2015-sp,357,Numerical Methods I,7,93,23,35,49,18,29,35,13,12,9,3,4,"Shaffer, Eric G",2015,330,30.303030303030305,2.9765757575757577,sp
2015-fa,357,Numerical Methods I,0,51,24,32,33,14,17,8,7,6,3,3,0,"Olson, Luke",2015,198,25.757575757575758,3.1076262626262627,fa
2016-fa,357,Numerical Methods I,12,113,20,18,15,12,9,11,7,11,12,4,9,"Kloeckner, Andreas P",2016,253,49.40711462450593,3.1397233201581023,fa
2016-sp,357,Numerical Methods I,12,25,30,24,50,25,26,31,19,7,10,7,7,"Heath, Michael T",2016,273,13.553113553113553,2.6852747252747253,sp
2017-fa,357,Numerical Methods I,49,86,43,48,55,30,31,36,13,12,11,5,14,"Olson, Luke",2017,433,31.177829099307157,3.0,fa
2017-sp,357,Numerical Methods I,59,47,52,35,31,34,32,25,15,8,8,5,12,"Kloeckner, Andreas P",2017,363,29.201101928374655,2.993856749311295,sp
2018-fa,357,Numerical Methods I,39,100,44,35,50,30,19,27,20,7,8,4,9,"Silva, Mariana T",2018,392,35.45918367346938,3.101505102040816,fa
2018-sp,357,Numerical Methods I,29,65,70,50,48,22,32,19,12,9,8,9,7,"Silva, Mariana T",2018,380,24.736842105263158,3.0545789473684213,sp
2013-sp,357,Numerical Methods I,2,91,42,7,22,11,4,6,3,0,4,0,3,"Shaffer, Eric G",2013,195,47.69230769230769,3.462307692307693,sp
2016-fa,361,Prob & Stat for Computer Sci,12,16,7,14,6,1,4,2,2,0,1,0,1,"Peng, Jian",2016,66,42.42424242424242,3.373333333333333,fa
2017-fa,361,Prob & Stat for Computer Sci,4,20,5,2,0,0,0,0,1,0,0,0,3,"Barber, Richard C",2017,35,68.57142857142857,3.505142857142857,fa
2017-sp,361,Prob & Stat for Computer Sci,8,21,14,3,6,6,1,1,0,0,2,1,1,"Sinha, Saurabh",2017,64,45.3125,3.4123437500000002,sp
2018-fa,361,Prob & Stat for Computer Sci,9,20,10,4,7,5,3,2,3,4,4,1,5,"Varodayan, David",2018,77,37.66233766233766,2.939740259740259,fa
2018-sp,361,Prob & Stat for Computer Sci,10,32,7,4,9,1,0,7,1,1,2,0,6,"Barber, Richard C",2018,80,52.5,3.1959999999999997,sp
2010-fa,373,Theory of Computation,8,16,21,21,31,21,15,6,6,5,1,0,0,"Viswanathan, Mahesh",2010,151,15.894039735099339,3.024437086092715,fa
2010-sp,373,Theory of Computation,8,18,6,9,15,12,9,14,13,7,4,11,0,"Parthasarathy, Madhusudan",2010,126,20.634920634920633,2.5745238095238094,sp
2011-fa,373,Theory of Computation,6,17,16,7,16,17,17,21,10,4,2,2,7,"Parthasarathy, Madhusudan",2011,142,16.19718309859155,2.636549295774648,fa
2011-sp,373,Theory of Computation,5,19,6,10,19,13,7,14,5,0,6,0,1,"Lavalle, Steven M",2011,105,22.857142857142858,2.873238095238096,sp
2012-fa,373,Theory of Computation,10,64,22,15,11,7,5,9,25,2,0,0,1,"Viswanathan, Mahesh",2012,171,43.27485380116959,3.2306432748538008,fa
2012-sp,373,Theory of Computation,11,9,1,3,4,1,1,4,2,0,3,0,0,"Cunningham, Ryan M",2012,39,51.28205128205128,3.2051282051282053,sp
2013-fa,373,Theory of Computation,7,51,28,29,23,17,14,11,9,6,0,0,0,"Viswanathan, Mahesh",2013,195,29.743589743589745,3.1966666666666668,fa
2013-sp,373,Theory of Computation,12,60,19,16,16,18,9,19,10,1,0,0,1,"Viswanathan, Mahesh",2013,181,39.77900552486188,3.2269060773480667,sp
2014-sp,373,Theory of Computation,5,26,21,7,15,14,14,24,6,4,3,1,3,"Meseguer, Jose",2014,143,21.678321678321677,2.8418881118881116,sp
2017-sp,374,Intro to Algs & Models of Comp,20,51,28,46,67,45,46,32,38,17,7,5,6,"Chekuri, Chandra S",2017,408,17.401960784313726,2.766397058823529,sp
2016-fa,374,Intro to Algs & Models of Comp,14,45,27,31,38,42,53,40,33,38,17,5,14,"Erickson, Jeff G",2016,397,14.86146095717884,2.5036523929471035,fa
2018-fa,374,Intro to Algs & Models of Comp,21,65,47,45,38,50,47,38,37,28,14,7,14,"Chekuri, Chandra S",2018,451,19.06873614190687,2.69860310421286,fa
2018-sp,374,Intro to Algs & Models of Comp,17,86,46,62,37,61,34,57,40,59,23,9,7,"Erickson, Jeff G",2018,538,19.144981412639407,2.6555204460966544,sp
2017-fa,374,Intro to Algs & Models of Comp,7,41,33,38,35,50,65,51,33,33,8,6,8,"Har-Peled, Sariel",2017,408,11.76470588235294,2.5554411764705884,fa
2013-sp,411,Database Systems,16,87,12,15,43,0,2,8,0,0,0,0,0,"Cunningham, Ryan M",2013,183,56.284153005464475,3.5827868852459015,sp
2010-fa,411,Database Systems,14,30,14,11,20,10,10,9,7,0,0,0,0,"Sinha, Saurabh",2010,125,35.199999999999996,3.2296,fa
2010-sp,411,Database Systems,5,16,10,26,16,6,15,9,2,1,1,1,0,"Chang, Kevin C",2010,108,19.444444444444446,3.061018518518518,sp
2011-fa,411,Database Systems,4,34,27,25,23,19,16,7,4,4,1,3,1,"Zhao, Peixiang",2011,168,22.61904761904762,3.0973809523809526,fa
2011-sp,411,Database Systems,8,26,36,21,36,33,7,8,4,1,1,1,2,"Chang, Kevin C",2011,184,18.478260869565215,3.13125,sp
2012-fa,411,Database Systems,20,44,22,16,38,18,4,11,6,2,4,2,1,"Sinha, Saurabh",2012,188,34.04255319148936,3.199042553191489,fa
2012-sp,411,Database Systems,1,8,11,2,3,1,1,1,0,0,0,0,0,"Weninger, Timothy E",2012,28,32.142857142857146,3.536785714285714,sp
2014-fa,411,Database Systems,19,40,21,21,41,24,6,12,7,1,1,0,0,"Sinha, Saurabh",2014,193,30.569948186528496,3.2232124352331613,fa
2013-fa,411,Database Systems,9,26,18,12,32,31,14,20,18,2,1,6,5,"Chang, Kevin C",2013,194,18.04123711340206,2.7585051546391743,fa
2016-fa,411,Database Systems,16,23,48,17,30,26,6,6,13,5,4,5,7,"Chang, Kevin C",2016,206,18.932038834951456,2.9605825242718447,fa
2015-sp,411,Database Systems,17,20,50,25,27,26,7,8,9,4,1,1,2,"Chang, Kevin C",2015,197,18.781725888324875,3.1446700507614214,sp
2014-sp,411,Database Systems,15,82,27,11,46,8,3,2,0,0,1,0,0,"Cunningham, Ryan M",2014,195,49.743589743589745,3.5644615384615386,sp
2016-sp,411,Database Systems,6,28,62,56,25,13,0,0,0,0,0,0,0,"Parameswaran, Aditya G",2016,190,17.894736842105264,3.4722631578947367,sp
2017-fa,411,Database Systems,7,19,15,14,19,20,10,6,7,5,3,6,11,"Chang, Kevin C",2017,142,18.30985915492958,2.6530281690140844,fa
2017-sp,411,Database Systems,13,21,66,63,22,7,0,0,0,0,0,0,0,"Parameswaran, Aditya G",2017,192,17.708333333333336,3.5036458333333336,sp
2018-fa,411,Database Systems,63,25,43,26,21,5,3,2,3,3,1,0,0,"Alawini, Abdussalam A",2018,195,45.12820512820513,3.5575897435897437,fa
2018-sp,411,Database Systems,10,37,93,61,38,15,2,3,1,1,0,0,5,"Chang, Kevin C",2018,266,17.669172932330827,3.3840225563909767,sp
2015-fa,411,Database Systems,31,65,31,12,30,17,2,3,1,0,0,0,2,"Sinha, Saurabh",2015,194,49.48453608247423,3.533247422680412,fa
2010-fa,412,Introduction to Data Mining,10,20,20,12,15,8,1,2,1,0,0,0,5,"Han, Jiawei",2010,94,31.914893617021278,3.273617021276596,fa
2011-fa,412,Introduction to Data Mining,12,43,31,13,6,6,3,4,0,0,0,0,2,"Han, Jiawei",2011,120,45.83333333333333,3.5505833333333334,fa
2012-fa,412,Introduction to Data Mining,12,45,41,21,14,7,10,2,1,0,1,0,4,"Han, Jiawei",2012,158,36.075949367088604,3.4117721518987336,fa
2013-fa,412,Introduction to Data Mining,19,58,44,32,26,30,7,5,3,0,0,0,7,"Han, Jiawei",2013,231,33.33333333333333,3.313679653679654,fa
2014-fa,412,Introduction to Data Mining,15,30,43,14,18,16,7,6,11,2,1,1,10,"Chang, Kevin C",2014,174,25.862068965517242,3.0583908045977,fa
2015-fa,412,Introduction to Data Mining,10,23,36,16,19,25,7,9,18,4,6,2,9,"Chang, Kevin C",2015,184,17.934782608695652,2.8161956521739127,fa
2016-fa,412,Introduction to Data Mining,23,34,31,24,30,19,12,10,4,0,2,0,4,"Han, Jiawei",2016,193,29.533678756476682,3.207564766839378,fa
2016-sp,412,Introduction to Data Mining,5,26,17,4,8,9,1,2,5,0,2,0,2,"Sundaram, Hari",2016,81,38.2716049382716,3.2644444444444445,sp
2017-fa,412,Introduction to Data Mining,13,29,22,24,39,23,4,9,4,1,2,1,8,"Han, Jiawei",2017,179,23.463687150837988,3.0450837988826818,fa
2017-sp,412,Introduction to Data Mining,32,71,47,14,12,5,6,4,0,0,0,0,2,"Han, Jiawei",2017,193,53.36787564766839,3.6395854922279796,sp
2018-fa,412,Introduction to Data Mining,18,54,34,12,18,9,8,5,2,0,0,0,0,"Li, Qi",2018,160,45.0,3.5171875,fa
2018-sp,412,Introduction to Data Mining,25,69,41,21,32,21,18,10,0,0,4,0,6,"Han, Jiawei",2018,247,38.05668016194332,3.297206477732794,sp
2010-fa,418,Interactive Computer Graphics,9,13,8,3,7,6,1,0,0,0,1,1,0,"Hart, John C",2010,49,44.89795918367347,3.436122448979592,fa
2010-sp,418,Interactive Computer Graphics,9,15,7,9,1,4,0,1,1,0,0,0,0,"Hart, John C",2010,47,51.06382978723404,3.5959574468085105,sp
2014-sp,418,Interactive Computer Graphics,10,72,23,37,4,12,7,7,1,0,0,0,5,"Hart, John C",2014,178,46.06741573033708,3.4361797752808987,sp
2011-sp,418,Interactive Computer Graphics,5,17,11,2,14,0,4,0,0,0,1,0,1,"Hart, John C",2011,55,40.0,3.4063636363636363,sp
2012-fa,418,Interactive Computer Graphics,7,17,8,5,11,11,4,7,0,0,0,0,2,"Hart, John C",2012,72,33.33333333333333,3.1624999999999996,fa
2013-fa,418,Interactive Computer Graphics,0,33,5,4,32,3,2,5,1,0,2,0,0,"Hart, John C",2013,87,37.93103448275862,3.287471264367816,fa
2013-sp,418,Interactive Computer Graphics,5,68,1,25,21,8,5,5,0,2,6,0,1,"Hart, John C",2013,147,49.65986394557823,3.3577551020408167,sp
2014-fa,418,Interactive Computer Graphics,0,69,23,13,6,9,4,2,0,0,7,0,3,"Shaffer, Eric G",2014,136,50.73529411764706,3.4268382352941176,fa
2018-sp,418,Interactive Computer Graphics,12,25,14,7,15,10,3,20,0,0,12,0,2,"Shaffer, Eric G",2018,120,30.833333333333336,2.9448333333333334,sp
2015-fa,418,Interactive Computer Graphics,10,47,26,21,22,11,6,7,6,0,3,0,6,"Shaffer, Eric G",2015,165,34.54545454545455,3.2104242424242426,fa
2015-sp,418,Interactive Computer Graphics,12,32,48,31,16,10,3,5,3,1,2,2,5,"Hart, John C",2015,170,25.882352941176475,3.2750588235294122,sp
2016-fa,418,Interactive Computer Graphics,6,28,25,22,24,19,8,9,4,0,11,0,6,"Shaffer, Eric G",2016,162,20.98765432098765,2.9509876543209876,fa
2016-sp,418,Interactive Computer Graphics,18,52,51,13,13,9,4,3,2,1,0,0,1,"Hart, John C",2016,167,41.91616766467065,3.5537724550898213,sp
2017-fa,418,Interactive Computer Graphics,9,54,13,14,16,8,11,5,3,0,6,0,4,"Shaffer, Eric G",2017,143,44.05594405594406,3.233076923076923,fa
2017-sp,418,Interactive Computer Graphics,14,25,23,13,22,19,5,17,3,0,14,0,8,"Shaffer, Eric G",2017,163,23.92638036809816,2.8533128834355828,sp
2018-fa,418,Interactive Computer Graphics,25,25,17,8,6,8,2,3,1,0,0,0,4,"Hart, John C",2018,99,50.505050505050505,3.441616161616162,fa
2011-fa,418,Interactive Computer Graphics,2,17,9,4,4,8,1,3,0,0,2,0,0,"Hart, John C",2011,50,38.0,3.3207999999999998,fa
2013-fa,421,Progrmg Languages & Compilers,5,30,15,16,18,8,11,8,3,2,2,1,4,"Gunter, Elsa",2013,123,28.455284552845526,3.054146341463415,fa
2010-fa,421,Progrmg Languages & Compilers,9,19,7,13,12,12,2,8,4,1,1,1,2,"Gunter, Elsa",2010,91,30.76923076923077,3.0698901098901095,fa
2010-sp,421,Progrmg Languages & Compilers,19,19,2,6,7,6,9,3,3,0,2,0,4,"Kamin, Samuel N",2010,80,47.5,3.129,sp
2011-fa,421,Progrmg Languages & Compilers,7,24,5,12,19,2,7,7,4,1,2,0,1,"Gunter, Elsa",2011,91,34.065934065934066,3.131538461538462,fa
2011-sp,421,Progrmg Languages & Compilers,4,45,11,3,27,4,5,25,6,2,1,0,3,"Kamin, Samuel N",2011,136,36.029411764705884,3.039485294117647,sp
2014-fa,421,Progrmg Languages & Compilers,6,34,9,8,12,12,4,9,3,1,3,2,0,"Gunter, Elsa",2014,103,38.83495145631068,3.162233009708738,fa
2012-sp,421,Progrmg Languages & Compilers,1,4,2,2,1,4,1,2,1,0,0,1,2,"Griffith, Dennis E",2012,21,23.809523809523807,2.6833333333333336,sp
2013-sp,421,Progrmg Languages & Compilers,17,56,8,10,12,7,9,19,2,0,7,0,3,"Kamin, Samuel N",2013,150,48.66666666666667,3.191066666666667,sp
2016-sp,421,Progrmg Languages & Compilers,76,71,25,20,24,6,5,13,4,0,1,0,4,"Beckman, A M",2016,249,59.036144578313255,3.53293172690763,sp
2014-sp,421,Progrmg Languages & Compilers,16,33,23,20,29,11,15,12,8,0,7,2,3,"Rosu, Grigore",2014,179,27.37430167597765,3.03927374301676,sp
2016-fa,421,Progrmg Languages & Compilers,35,37,15,12,28,3,8,16,5,3,3,1,3,"Gunter, Elsa",2016,169,42.60355029585799,3.2051479289940827,fa
2018-sp,421,Progrmg Languages & Compilers,33,125,28,24,28,12,9,7,3,0,8,0,1,"Beckman, A M",2018,278,56.83453237410072,3.520503597122302,sp
2017-fa,421,Progrmg Languages & Compilers,19,142,10,13,23,9,7,9,4,2,3,5,1,"Misailovic, Sasa",2017,247,65.18218623481782,3.510202429149797,fa
2017-sp,421,Progrmg Languages & Compilers,27,136,37,18,20,8,9,9,3,0,12,0,7,"Beckman, A M",2017,286,56.993006993006986,3.4443006993006993,sp
2018-fa,421,Progrmg Languages & Compilers,12,125,10,5,6,6,10,4,3,2,3,4,1,"Misailovic, Sasa",2018,191,71.72774869109948,3.560314136125654,fa
2015-sp,421,Progrmg Languages & Compilers,18,61,22,18,8,16,9,6,1,2,1,2,2,"Agha, Gul A",2015,166,47.59036144578313,3.3918072289156624,sp
2012-fa,421,Progrmg Languages & Compilers,10,14,14,12,15,4,5,8,2,2,2,3,1,"Gunter, Elsa",2012,92,26.08695652173913,3.050869565217391,fa
2014-fa,425,Distributed Systems,11,28,41,26,27,30,4,0,0,0,0,0,1,"Gupta, Indranil",2014,168,23.214285714285715,3.3539880952380954,fa
2013-fa,425,Distributed Systems,11,22,44,18,5,1,0,0,0,0,0,0,0,"Gupta, Indranil",2013,101,32.67326732673268,3.6741584158415845,fa
2012-sp,425,Distributed Systems,3,5,8,1,2,3,2,0,0,0,0,0,0,"Montanari, Mirko",2012,24,33.33333333333333,3.473333333333333,sp
2010-fa,425,Distributed Systems,2,2,13,8,3,11,0,1,0,0,0,0,0,"Gupta, Indranil",2010,40,10.0,3.268,fa
2011-sp,425,Distributed Systems,2,16,5,2,11,3,3,1,0,0,0,0,0,"Vaidya, Nitin H",2011,43,41.86046511627907,3.418837209302325,sp
2011-fa,425,Distributed Systems,6,4,5,3,3,5,1,3,4,2,1,4,2,"Borisov, Nikita",2011,43,23.25581395348837,2.605581395348837,fa
2010-sp,425,Distributed Systems,2,2,2,4,3,5,5,4,5,0,0,0,2,"Nagaraja, Shishir",2010,34,11.76470588235294,2.559117647058823,sp
2013-sp,425,Distributed Systems,7,9,17,6,9,4,2,2,2,1,1,0,4,"Borisov, Nikita",2013,64,25.0,3.0996875000000004,sp
2012-fa,425,Distributed Systems,7,18,22,18,8,3,0,0,0,0,0,0,0,"Gupta, Indranil",2012,76,32.89473684210527,3.588026315789474,fa
2014-sp,425,Distributed Systems,5,17,17,18,17,2,7,4,0,0,2,0,1,"Vaidya, Nitin H",2014,90,24.444444444444443,3.2553333333333327,sp
2017-sp,425,Distributed Systems,11,25,24,20,20,21,17,10,4,6,4,1,5,"Borisov, Nikita",2017,168,21.428571428571427,2.938630952380952,sp
2017-fa,425,Distributed Systems,20,32,58,52,46,26,3,5,1,0,0,0,9,"Gupta, Indranil",2017,252,20.634920634920633,3.254365079365079,fa
2016-sp,425,Distributed Systems,6,35,18,16,47,13,5,14,3,5,0,1,2,"Vaidya, Nitin H",2016,165,24.848484848484848,3.097151515151515,sp
2018-sp,425,Distributed Systems,5,38,40,49,31,26,19,9,1,0,1,1,1,"Vaidya, Nitin H",2018,221,19.457013574660635,3.2126696832579182,sp
2015-sp,425,Distributed Systems,2,26,8,19,22,22,14,11,5,3,0,0,0,"Vaidya, Nitin H",2015,132,21.21212121212121,3.0025000000000004,sp
2015-fa,425,Distributed Systems,20,24,58,61,27,3,2,0,0,0,0,0,1,"Gupta, Indranil",2015,196,22.448979591836736,3.4982653061224487,fa
2016-fa,425,Distributed Systems,17,21,51,45,43,25,2,0,0,0,0,0,2,"Gupta, Indranil",2016,206,18.446601941747574,3.346747572815534,fa
2018-fa,425,Distributed Systems,21,31,107,75,31,7,0,2,1,0,2,0,8,"Gupta, Indranil",2018,285,18.24561403508772,3.40280701754386,fa
2014-fa,438,Communication Networks,8,20,23,11,7,4,3,0,0,0,0,0,0,"Roy Choudhury, Romit",2014,76,36.84210526315789,3.575131578947368,fa
2014-sp,438,Communication Networks,6,13,1,5,12,1,2,16,1,0,5,1,7,"Caesar, Matthew C",2014,70,27.142857142857142,2.5569999999999995,sp
2010-fa,438,Communication Networks,1,10,12,5,8,8,6,2,0,0,0,0,0,"Lumetta, Steven S",2010,52,21.153846153846153,3.231346153846154,fa
2010-sp,438,Communication Networks,5,2,5,2,5,2,2,4,3,0,2,1,4,"Caesar, Matthew C",2010,37,18.91891891891892,2.5321621621621624,sp
2011-sp,438,Communication Networks,2,4,4,6,3,3,0,4,1,1,2,2,3,"Godfrey, Philip B",2011,35,17.142857142857142,2.571714285714286,sp
2012-fa,438,Communication Networks,3,14,9,7,5,10,4,7,0,1,0,1,2,"Vaidya, Nitin H",2012,63,26.984126984126984,3.0374603174603174,fa
2013-fa,438,Communication Networks,2,22,7,2,28,4,4,11,2,1,0,1,0,"Vaidya, Nitin H",2013,84,28.57142857142857,3.091547619047619,fa
2013-sp,438,Communication Networks,4,13,9,3,13,4,1,7,1,1,5,0,8,"Kravets, Robin H",2013,69,24.637681159420293,2.681594202898551,sp
2015-sp,438,Communication Networks,2,27,5,3,13,4,4,7,4,3,2,5,15,"Kravets, Robin H",2015,94,30.851063829787233,2.482553191489362,sp
2016-sp,438,Communication Networks,3,30,3,5,8,6,2,3,1,2,4,4,12,"Kravets, Robin H",2016,83,39.75903614457831,2.666867469879518,sp
2017-fa,438,Communication Networks,7,20,12,9,23,3,5,2,0,0,0,0,0,"Al-Hassanieh, Haitham",2017,81,33.33333333333333,3.390987654320987,fa
2017-sp,438,Communication Networks,2,28,2,4,12,7,3,6,4,1,2,3,9,"Kravets, Robin H",2017,83,36.144578313253014,2.727228915662651,sp
2018-fa,438,Communication Networks,7,17,35,24,13,11,3,1,0,0,0,0,0,"Roy Choudhury, Romit",2018,111,21.62162162162162,3.439009009009009,fa
2015-fa,438,Communication Networks,9,27,21,15,13,0,0,1,1,0,0,0,0,"Roy Choudhury, Romit",2015,87,41.37931034482759,3.605632183908046,fa
2018-sp,438,Communication Networks,0,18,4,2,7,3,2,9,1,1,2,3,12,"Kravets, Robin H",2018,64,28.125,2.3753124999999997,sp
2016-fa,438,Communication Networks,2,11,9,8,7,12,9,8,4,2,1,0,8,"Borisov, Nikita",2016,81,16.049382716049383,2.617530864197531,fa
2013-sp,440,Artificial Intelligence,3,19,7,4,17,7,7,7,8,1,6,2,0,"DeJong, Gerald F",2013,88,25.0,2.83,sp
2010-fa,440,Artificial Intelligence,11,13,2,1,15,4,1,7,0,0,9,0,2,"Dejong, Gerald F",2010,65,36.92307692307693,2.887384615384616,fa
2010-sp,440,Artificial Intelligence,6,9,11,3,11,8,0,3,4,0,2,0,3,"Amir, Eyal",2010,60,25.0,2.9900000000000007,sp
2014-sp,440,Artificial Intelligence,9,19,10,8,35,8,11,19,6,0,2,1,0,"DeJong, Gerald F",2014,128,21.875,2.95328125,sp
2011-sp,440,Artificial Intelligence,2,11,12,16,13,12,10,7,1,4,3,0,1,"Hockenmaier, Julia C",2011,92,14.130434782608695,2.9092391304347824,sp
2012-fa,440,Artificial Intelligence,17,29,13,4,17,5,1,10,3,5,5,1,0,"Lazebnik, Svetlana",2012,110,41.81818181818181,3.173090909090909,fa
2013-fa,440,Artificial Intelligence,21,57,5,9,25,6,0,20,0,1,5,4,2,"Lazebnik, Svetlana",2013,155,50.32258064516129,3.2280645161290322,fa
2014-fa,440,Artificial Intelligence,0,53,0,0,48,0,0,16,0,0,2,0,0,"DeJong, Gerald F",2014,119,44.537815126050425,3.277310924369748,fa
2017-sp,440,Artificial Intelligence,3,52,3,0,54,2,0,49,0,0,3,0,1,"DeJong, Gerald F",2017,167,32.93413173652694,2.990119760479042,sp
2015-fa,440,Artificial Intelligence,30,52,7,5,44,5,2,19,1,3,5,1,4,"Lazebnik, Svetlana",2015,178,46.06741573033708,3.2004494382022464,fa
2016-fa,440,Artificial Intelligence,35,73,8,8,79,4,7,31,1,3,6,3,5,"Lazebnik, Svetlana",2016,263,41.06463878326996,3.146996197718631,fa
2016-sp,440,Artificial Intelligence,11,32,5,0,56,14,0,13,0,0,6,0,3,"DeJong, Gerald F",2016,140,30.714285714285715,3.055214285714286,sp
2017-fa,440,Artificial Intelligence,74,122,19,16,122,16,11,34,3,1,21,3,5,"Lazebnik, Svetlana",2017,447,43.84787472035794,3.2185906040268457,fa
2018-sp,440,Artificial Intelligence,57,107,8,14,68,22,8,11,2,3,8,1,1,"Hasegawa-Johnso, Mark A",2018,310,52.903225806451616,3.3914838709677424,sp
2018-fa,440,Artificial Intelligence,40,53,55,42,29,29,10,7,2,1,2,3,4,"Fleck, Margaret M",2018,277,33.57400722021661,3.336173285198556,fa
2015-sp,440,Artificial Intelligence,18,59,7,7,41,0,0,19,2,0,5,1,9,"Lazebnik, Svetlana",2015,168,45.83333333333333,3.136964285714286,sp
2011-fa,440,Artificial Intelligence,7,14,4,6,14,3,2,10,0,0,3,1,1,"DeJong, Gerald F",2011,65,32.30769230769231,3.0307692307692307,fa
2014-sp,461,Computer Security I,8,10,8,9,22,11,7,6,9,0,1,0,1,"Bobba, Rakesh",2014,92,19.565217391304348,2.946086956521739,sp
2010-fa,461,Computer Security I,3,30,0,4,32,0,4,13,0,0,0,0,0,"Hinrichs, Susan",2010,86,38.372093023255815,3.2167441860465114,fa
2010-sp,461,Computer Security I,0,11,13,9,8,10,11,9,0,0,1,0,0,"Nicol, David M",2010,72,15.277777777777779,3.0140277777777778,sp
2011-fa,461,Computer Security I,1,22,7,10,49,0,4,22,0,0,3,0,0,"Hinrichs, Susan",2011,118,19.491525423728813,3.002627118644068,fa
2012-fa,461,Computer Security I,2,35,1,9,59,0,6,35,0,0,1,0,1,"Hinrichs, Susan",2012,149,24.832214765100673,2.9773154362416108,fa
2013-sp,461,Computer Security I,4,5,16,10,23,5,10,5,2,0,2,0,0,"Nicol, David M",2013,82,10.975609756097562,3.0367073170731707,sp
2014-fa,461,Computer Security I,10,101,24,8,17,7,6,3,0,0,6,0,2,"Cunningham, Ryan M",2014,184,60.32608695652174,3.5564673913043485,fa
2013-fa,461,Computer Security I,9,10,18,12,11,16,10,6,2,1,0,0,0,"Bobba, Rakesh",2013,95,20.0,3.1337894736842102,fa
2015-fa,461,Computer Security I,4,31,10,17,41,7,5,12,8,0,11,0,4,"Bailey, Michael D",2015,150,23.333333333333332,2.9000666666666666,fa
2015-sp,461,Computer Security I,16,24,9,11,22,5,11,13,2,0,10,0,2,"Bailey, Michael D",2015,125,32.0,2.99184,sp
2016-sp,461,Computer Security I,6,28,8,6,43,14,7,20,4,2,2,2,5,"Bailey, Michael D",2016,147,23.12925170068027,2.8619727891156463,sp
2017-fa,461,Computer Security I,23,39,43,44,34,14,12,0,0,0,2,0,3,"Cunningham, Ryan M",2017,214,28.971962616822427,3.3722897196261687,fa
2017-sp,461,Computer Security I,8,31,9,12,51,9,9,10,7,0,8,0,4,,2017,158,24.68354430379747,2.9536708860759493,sp
2018-fa,461,Computer Security I,13,46,27,20,32,12,10,5,3,0,0,0,2,"Cunningham, Ryan M",2018,170,34.705882352941174,3.341411764705882,fa
2018-sp,461,Computer Security I,5,15,8,15,19,15,6,17,5,0,4,0,2,"Bailey, Michael D",2018,111,18.01801801801802,2.8530630630630633,sp
2016-fa,461,Computer Security I,15,24,11,14,42,9,7,23,3,0,8,0,3,,2016,159,24.528301886792452,2.9455345911949684,fa
2018-fa,465,User Interface Design,3,40,32,9,27,7,1,7,0,1,2,0,1,"Bailey, Brian P",2018,130,33.07692307692307,3.3750769230769224,fa
2010-fa,465,User Interface Design,0,12,5,6,15,5,0,3,1,0,0,0,0,"Bailey, Brian P",2010,47,25.53191489361702,3.241489361702127,fa
2011-fa,465,User Interface Design,2,8,2,6,11,9,3,1,1,0,0,0,1,"Bailey, Brian P",2011,44,22.727272727272727,3.068409090909091,fa
2013-fa,465,User Interface Design,0,22,29,14,17,6,0,1,0,0,1,0,0,"Fu, Wai-Tat",2013,90,24.444444444444443,3.4563333333333333,fa
2013-sp,465,User Interface Design,5,13,13,13,19,6,3,4,0,0,4,0,1,"Fu, Wai-Tat",2013,81,22.22222222222222,3.1482716049382717,sp
2012-fa,465,User Interface Design,1,10,6,1,12,4,6,8,0,0,1,0,0,"Bailey, Brian P",2012,49,22.448979591836736,3.0002040816326527,fa
2016-sp,465,User Interface Design,3,41,49,35,30,8,5,0,1,1,0,0,2,"Kirlik, Alex",2016,175,25.142857142857146,3.4193714285714285,sp
2015-sp,465,User Interface Design,2,13,24,21,35,22,13,12,5,0,2,0,1,"Fu, Wai-Tat",2015,150,10.0,2.9759333333333338,sp
2016-fa,465,User Interface Design,3,15,19,24,72,7,14,10,3,0,1,0,0,"Bailey, Brian P",2016,168,10.714285714285714,3.065297619047619,fa
2017-fa,465,User Interface Design,1,24,21,9,76,21,7,4,5,2,1,0,1,"Bailey, Brian P",2017,172,14.534883720930234,3.0664534883720926,fa
2017-sp,465,User Interface Design,1,29,59,31,33,18,4,3,1,0,1,0,0,"Fu, Wai-Tat",2017,180,16.666666666666664,3.3600555555555554,sp
2014-fa,465,User Interface Design,1,26,13,24,62,17,11,20,3,0,0,0,1,"Bailey, Brian P",2014,178,15.168539325842698,3.020561797752809,fa
2015-fa,465,User Interface Design,6,24,28,19,56,20,10,16,4,0,2,0,1,"Fu, Wai-Tat",2015,186,16.129032258064516,3.0720967741935477,fa
2018-sp,465,User Interface Design,15,40,24,21,25,12,5,6,3,0,3,0,2,"Fu, Wai-Tat",2018,156,35.256410256410255,3.31224358974359,sp
