Number,Course Title,Year,Term,GPA,Total,A+,A,A-,B+,B,B-,C+,C,C-,D+,D,D-,F,YearTerm
101,Intro Computing: Engrg & Sci,2010,fa,3.1105591397849466,465,49,74,68,67,56,46,39,25,16,9,6,8,2,2010-fa
101,Intro Computing: Engrg & Sci,2010,sp,3.203274725274725,455,66,78,83,65,40,44,17,20,13,12,5,1,11,2010-sp
101,Intro Computing: Engrg & Sci,2011,fa,3.257813852813853,462,115,80,49,47,41,45,26,20,14,8,7,6,4,2011-fa
101,Intro Computing: Engrg & Sci,2011,sp,3.3913713080168773,474,106,103,78,52,42,33,19,12,9,4,4,8,4,2011-sp
101,Intro Computing: Engrg & Sci,2012,fa,3.0722271714922056,449,86,61,56,40,52,41,36,30,14,10,4,4,15,2012-fa
101,Intro Computing: Engrg & Sci,2013,fa,2.9011583011583006,518,82,64,56,51,53,53,34,33,28,23,13,11,17,2013-fa
101,Intro Computing: Engrg & Sci,2013,sp,3.1853295668549904,531,104,85,71,67,44,45,38,24,22,14,5,4,8,2013-sp
101,Intro Computing: Engrg & Sci,2014,fa,2.633753753753753,666,79,51,64,66,78,66,57,48,39,35,20,13,50,2014-fa
101,Intro Computing: Engrg & Sci,2014,sp,3.0385028790786945,521,113,74,59,56,42,37,33,29,21,18,8,8,23,2014-sp
101,Intro Computing: Engrg & Sci,2015,fa,3.112953890489913,694,7,213,76,83,142,35,23,53,12,0,26,0,24,2015-fa
101,Intro Computing: Engrg & Sci,2015,sp,2.949955686853767,677,116,83,83,68,73,66,48,43,16,20,19,7,35,2015-sp
101,Intro Computing: Engrg & Sci,2016,fa,3.1924193548387096,682,93,154,124,67,72,36,39,26,11,10,15,14,21,2016-fa
101,Intro Computing: Engrg & Sci,2016,sp,3.409520348837209,688,6,341,78,65,96,14,13,33,11,0,15,0,16,2016-sp
101,Intro Computing: Engrg & Sci,2017,fa,3.705477239353891,681,439,90,43,30,19,16,5,9,6,1,9,0,14,2017-fa
101,Intro Computing: Engrg & Sci,2017,sp,3.545570776255707,657,239,159,72,61,44,24,9,12,9,7,2,4,15,2017-sp
101,Intro Computing: Engrg & Sci,2018,fa,3.576488095238094,672,263,162,72,59,40,16,12,11,5,8,7,6,11,2018-fa
101,Intro Computing: Engrg & Sci,2018,sp,3.663962264150944,689,360,128,67,37,25,14,16,12,12,2,5,3,8,2018-sp
105,Intro Computing: Non-Tech,2010,fa,3.0320807833537327,817,45,169,102,71,119,81,70,110,19,5,11,7,8,2010-fa
105,Intro Computing: Non-Tech,2010,sp,3.0646130030959755,646,47,130,94,86,83,36,53,31,42,18,11,7,8,2010-sp
105,Intro Computing: Non-Tech,2011,fa,3.170072115384615,832,129,147,106,96,124,70,40,48,18,15,22,7,10,2011-fa
105,Intro Computing: Non-Tech,2011,sp,2.9474804687500007,512,30,86,66,53,88,45,40,47,17,5,18,3,14,2011-sp
105,Intro Computing: Non-Tech,2012,fa,3.3171160609613133,853,52,193,170,144,122,62,45,34,15,9,4,1,2,2012-fa
105,Intro Computing: Non-Tech,2013,fa,3.1961979166666663,768,67,145,136,103,138,62,33,0,49,11,9,4,11,2013-fa
105,Intro Computing: Non-Tech,2013,sp,3.3940809443507587,593,59,181,86,84,80,34,27,21,5,7,4,0,5,2013-sp
105,Intro Computing: Non-Tech,2014,fa,3.177715311004785,836,77,169,135,106,133,67,36,45,22,13,17,2,14,2014-fa
105,Intro Computing: Non-Tech,2014,sp,3.1484149184149177,429,35,82,62,70,59,35,32,23,8,7,5,5,6,2014-sp
105,Intro Computing: Non-Tech,2015,fa,3.5726553672316386,885,268,237,111,87,81,36,22,12,9,8,4,1,9,2015-fa
105,Intro Computing: Non-Tech,2015,sp,3.2485846867749424,431,60,101,61,40,52,41,25,24,10,6,2,1,8,2015-sp
105,Intro Computing: Non-Tech,2016,fa,3.5112878787878783,660,125,191,109,87,76,25,15,8,6,4,2,1,11,2016-fa
105,Intro Computing: Non-Tech,2016,sp,3.6328346456692913,508,161,135,86,49,34,15,11,3,4,1,1,0,8,2016-sp
105,Intro Computing: Non-Tech,2017,fa,3.542954545454545,528,40,157,204,0,100,0,0,15,0,0,4,0,8,2017-fa
105,Intro Computing: Non-Tech,2017,sp,3.4585110294117656,544,184,130,64,42,41,21,11,14,1,5,9,1,21,2017-sp
105,Intro Computing: Non-Tech,2018,fa,3.33152,500,124,95,66,56,46,31,25,24,12,0,14,0,7,2018-fa
105,Intro Computing: Non-Tech,2018,sp,3.2383114446529087,533,43,134,115,60,45,50,19,16,20,0,18,0,13,2018-sp
125,Intro to Computer Science,2010,fa,3.3416778523489934,298,73,66,59,33,4,10,11,9,14,1,1,8,9,2010-fa
125,Intro to Computer Science,2010,sp,3.0512711864406783,118,12,27,18,12,4,11,10,7,8,3,0,3,3,2010-sp
125,Intro to Computer Science,2011,fa,3.2526647564469915,349,70,79,73,33,16,13,11,13,12,0,7,0,22,2011-fa
125,Intro to Computer Science,2011,sp,3.113280423280423,189,27,41,31,26,4,16,8,9,10,0,8,0,9,2011-sp
125,Intro to Computer Science,2012,fa,3.0298933333333333,375,36,63,81,41,37,20,19,25,22,0,11,0,20,2012-fa
125,Intro to Computer Science,2013,fa,3.1127093596059106,406,28,131,35,35,68,20,14,27,11,0,13,11,13,2013-fa
125,Intro to Computer Science,2013,sp,3.1595575221238943,339,47,88,50,36,23,16,14,28,10,0,10,1,16,2013-sp
125,Intro to Computer Science,2014,fa,3.6082697201017817,393,137,129,29,21,33,10,6,17,2,0,0,1,8,2014-fa
125,Intro to Computer Science,2014,sp,3.2668882978723413,376,60,109,38,53,28,19,15,15,16,0,10,0,13,2014-sp
125,Intro to Computer Science,2015,fa,3.4207705779334505,571,152,170,42,44,49,15,34,41,4,6,1,1,12,2015-fa
125,Intro to Computer Science,2015,sp,3.353339191564148,569,122,152,65,47,63,17,29,39,12,8,3,5,7,2015-sp
125,Intro to Computer Science,2016,fa,3.4126405451448036,587,103,178,78,34,63,49,36,27,9,3,1,3,3,2016-fa
125,Intro to Computer Science,2016,sp,3.4239076376554176,563,108,184,59,42,70,13,37,26,7,3,4,1,9,2016-sp
125,Intro to Computer Science,2017,fa,3.1920467836257305,684,19,264,77,68,45,43,68,35,24,0,24,0,17,2017-fa
125,Intro to Computer Science,2017,sp,3.2397180451127814,532,77,141,61,30,68,40,36,36,29,6,4,1,3,2017-sp
125,Intro to Computer Science,2018,fa,3.6347455295735895,727,143,389,53,34,32,19,8,7,8,0,14,0,20,2018-fa
125,Intro to Computer Science,2018,sp,3.4367070217917672,413,56,169,40,43,33,19,16,10,8,0,9,0,10,2018-sp
126,Software Design Studio,2016,fa,3.754705882352942,34,4,23,0,3,1,1,1,0,1,0,0,0,0,2016-fa
126,Software Design Studio,2017,fa,3.3305405405405404,111,22,23,18,10,18,3,6,5,2,0,1,0,3,2017-fa
126,Software Design Studio,2017,sp,3.3132183908045967,261,36,47,58,47,20,20,10,6,6,3,0,1,7,2017-sp
126,Software Design Studio,2018,fa,3.4701818181818185,110,6,51,23,9,8,4,2,0,0,0,0,0,7,2018-fa
126,Software Design Studio,2018,sp,3.523053435114504,262,54,92,42,34,13,8,4,1,0,0,0,0,14,2018-sp
173,Discrete Structures,2010,fa,2.4106666666666667,165,5,9,23,16,13,18,17,8,19,11,7,12,7,2010-fa
173,Discrete Structures,2010,sp,2.58939226519337,181,14,16,13,18,15,18,20,24,18,10,8,3,4,2010-sp
173,Discrete Structures,2011,fa,2.7344162436548225,197,14,25,16,29,22,17,14,17,15,8,9,7,4,2011-fa
173,Discrete Structures,2011,sp,2.4190592334494774,287,12,30,21,37,28,18,30,26,20,15,16,4,30,2011-sp
173,Discrete Structures,2012,fa,2.7603089887640446,356,20,46,34,42,51,32,33,31,21,18,13,7,8,2012-fa
173,Discrete Structures,2012,sp,2.9676666666666667,30,1,0,8,5,2,8,4,0,1,0,0,1,0,2012-sp
173,Discrete Structures,2013,fa,2.7503746397694524,347,19,46,30,46,46,33,30,30,30,9,9,6,13,2013-fa
173,Discrete Structures,2013,sp,2.896605744125327,383,19,57,51,48,58,37,31,30,14,11,10,8,9,2013-sp
173,Discrete Structures,2014,fa,2.9275,464,19,80,65,62,78,36,29,25,11,23,14,10,12,2014-fa
173,Discrete Structures,2014,sp,2.8659232613908867,417,36,42,54,48,75,40,30,34,15,12,9,8,14,2014-sp
173,Discrete Structures,2015,fa,3.111015625,512,41,86,88,63,73,53,36,26,16,11,11,5,3,2015-fa
173,Discrete Structures,2015,sp,3.1396590909090913,528,17,103,103,89,80,34,31,22,15,14,10,4,6,2015-sp
173,Discrete Structures,2016,fa,3.01579797979798,495,21,79,81,66,71,59,33,38,12,14,9,7,5,2016-fa
173,Discrete Structures,2016,sp,3.0984031936127745,501,37,112,59,83,74,35,27,19,8,5,25,3,14,2016-sp
173,Discrete Structures,2017,fa,3.035402298850575,522,23,91,81,80,73,57,32,37,13,4,12,9,10,2017-fa
173,Discrete Structures,2017,sp,3.1609187279151945,566,39,135,82,74,76,38,33,45,15,9,9,5,6,2017-sp
173,Discrete Structures,2018,fa,3.1497567567567564,370,56,80,42,37,46,33,23,13,10,7,9,5,9,2018-fa
173,Discrete Structures,2018,sp,3.0814538310412574,509,47,101,74,57,62,45,36,29,19,14,12,7,6,2018-sp
196,Freshman Honors,2010,fa,3.2857142857142856,77,37,12,5,5,0,2,3,2,1,0,4,0,6,2010-fa
196,Freshman Honors,2010,sp,3.9166666666666665,48,0,47,0,0,0,0,0,0,0,0,0,0,1,2010-sp
196,Freshman Honors,2011,fa,3.7745161290322584,62,8,38,10,4,0,0,0,0,0,0,0,0,2,2011-fa
196,Freshman Honors,2011,sp,3.667297297297297,37,2,19,9,2,3,0,0,1,0,0,1,0,0,2011-sp
196,Freshman Honors,2012,fa,3.699230769230769,52,9,27,10,3,0,0,0,0,1,0,0,0,2,2012-fa
196,Freshman Honors,2013,fa,3.9718309859154934,71,11,58,0,0,2,0,0,0,0,0,0,0,0,2013-fa
196,Freshman Honors,2013,sp,3.4630645161290317,62,6,17,23,9,0,1,2,0,0,0,1,0,3,2013-sp
196,Freshman Honors,2014,fa,3.8723270440251576,159,32,97,14,7,4,4,1,0,0,0,0,0,0,2014-fa
196,Freshman Honors,2014,sp,3.808796296296297,108,29,64,4,2,2,1,1,1,3,0,0,0,1,2014-sp
196,Freshman Honors,2015,fa,3.783313609467456,169,70,67,14,1,6,2,1,5,0,0,1,0,2,2015-fa
196,Freshman Honors,2015,sp,3.7870121951219513,164,29,80,29,12,8,4,1,0,1,0,0,0,0,2015-sp
196,Freshman Honors,2016,fa,3.87556338028169,142,27,104,0,2,3,1,0,4,0,0,0,0,1,2016-fa
196,Freshman Honors,2016,sp,3.6725641025641034,117,30,45,17,11,9,0,0,1,1,0,0,0,3,2016-sp
196,Freshman Honors,2017,fa,3.7336923076923076,195,7,119,36,15,9,1,3,1,2,0,0,0,2,2017-fa
196,Freshman Honors,2017,sp,3.6607272727272733,55,4,25,11,8,2,2,3,0,0,0,0,0,0,2017-sp
196,Freshman Honors,2018,fa,3.710258620689655,116,6,61,27,11,3,2,1,5,0,0,0,0,0,2018-fa
196,Freshman Honors,2018,sp,3.72984375,64,5,31,16,6,2,3,0,1,0,0,0,0,0,2018-sp
210,Ethical & Professional Issues,2010,fa,3.852631578947368,95,25,59,2,3,2,1,0,2,0,0,0,0,1,2010-fa
210,Ethical & Professional Issues,2010,sp,3.6065454545454543,55,0,25,17,6,1,0,3,3,0,0,0,0,0,2010-sp
210,Ethical & Professional Issues,2011,fa,3.7638541666666665,96,23,45,9,10,6,0,0,2,0,0,1,0,0,2011-fa
210,Ethical & Professional Issues,2011,sp,3.650847457627118,59,0,29,21,2,2,1,1,1,1,0,1,0,0,2011-sp
210,Ethical & Professional Issues,2012,fa,3.6534375,96,28,29,20,5,6,4,0,1,0,0,2,0,1,2012-fa
210,Ethical & Professional Issues,2013,sp,3.385842696629213,89,0,46,1,0,31,1,0,8,0,0,2,0,0,2013-sp
210,Ethical & Professional Issues,2014,fa,3.5145108695652167,184,12,89,17,18,29,2,2,9,1,0,3,1,1,2014-fa
210,Ethical & Professional Issues,2014,sp,3.3346408839779,181,5,56,21,54,23,2,3,5,1,2,3,6,0,2014-sp
210,Ethical & Professional Issues,2015,fa,3.6544565217391303,184,3,106,32,10,21,5,1,3,0,0,1,0,2,2015-fa
210,Ethical & Professional Issues,2015,sp,3.431511627906977,258,6,111,29,33,42,8,6,17,2,1,1,0,2,2015-sp
210,Ethical & Professional Issues,2016,fa,3.735463917525773,194,8,128,17,16,15,4,1,3,0,0,1,0,1,2016-fa
210,Ethical & Professional Issues,2016,sp,3.4251851851851853,189,3,81,25,18,35,8,8,6,1,0,1,0,3,2016-sp
210,Ethical & Professional Issues,2017,fa,3.639107142857142,168,32,90,15,5,12,1,1,4,1,0,1,0,6,2017-fa
210,Ethical & Professional Issues,2017,sp,3.769125,160,10,108,20,3,12,2,2,0,1,0,0,0,2,2017-sp
210,Ethical & Professional Issues,2018,fa,3.846206896551725,145,27,87,16,6,7,0,0,0,0,0,2,0,0,2018-fa
210,Ethical & Professional Issues,2018,sp,3.8115172413793097,145,49,71,5,5,10,1,0,2,0,0,1,0,1,2018-sp
225,Data Structures,2010,fa,2.794318181818181,264,4,69,13,17,65,5,5,38,14,0,22,0,12,2010-fa
225,Data Structures,2010,sp,2.5489542483660133,153,1,32,6,9,34,5,5,32,0,0,15,0,14,2010-sp
225,Data Structures,2011,fa,2.9744923076923078,325,3,101,20,19,72,16,21,34,17,0,10,0,12,2011-fa
225,Data Structures,2011,sp,3.0521551724137934,232,0,72,35,12,49,11,9,14,5,0,18,0,7,2011-sp
225,Data Structures,2012,fa,3.003018867924528,371,3,109,58,23,70,14,13,39,0,0,21,0,21,2012-fa
225,Data Structures,2012,sp,2.6003636363636367,55,1,12,6,4,8,2,3,4,5,0,3,0,7,2012-sp
225,Data Structures,2013,fa,3.1268627450980397,459,5,165,61,24,61,42,23,30,13,0,21,0,14,2013-fa
225,Data Structures,2013,sp,2.851329923273657,391,15,77,75,22,49,25,17,56,0,0,33,0,22,2013-sp
225,Data Structures,2014,fa,2.840608519269777,493,6,145,48,32,76,29,29,37,10,0,50,0,31,2014-fa
225,Data Structures,2014,sp,2.936912878787879,528,5,160,44,56,74,39,32,40,12,0,42,0,24,2014-sp
225,Data Structures,2015,fa,3.045085034013605,588,8,175,84,49,95,32,29,46,15,0,32,0,23,2015-fa
225,Data Structures,2015,sp,3.2442752293577986,545,52,145,109,64,47,26,28,23,10,14,10,0,17,2015-sp
225,Data Structures,2016,fa,3.2407417974322392,701,26,296,87,54,73,25,30,47,0,0,35,0,28,2016-fa
225,Data Structures,2016,sp,3.1431023622047243,635,16,227,97,45,86,30,21,48,0,0,35,0,30,2016-sp
225,Data Structures,2017,fa,3.053664772727273,704,235,87,54,46,57,33,28,42,17,24,23,28,30,2017-fa
225,Data Structures,2017,sp,3.0913153961136017,669,19,312,55,39,53,27,16,44,0,0,56,0,48,2017-sp
225,Data Structures,2018,fa,3.4170731707317064,697,25,408,41,45,44,22,28,22,15,6,9,11,21,2018-fa
225,Data Structures,2018,sp,3.1875288303130147,607,19,312,41,32,43,33,15,24,12,7,13,17,39,2018-sp
233,Computer Architecture,2014,fa,2.8174111675126903,197,8,37,15,13,57,13,6,16,4,4,13,0,11,2014-fa
233,Computer Architecture,2015,fa,2.910702875399361,313,12,81,12,13,93,9,7,53,9,0,8,5,11,2015-fa
233,Computer Architecture,2015,sp,2.7092971246006394,313,12,71,17,13,83,4,12,41,2,4,26,9,19,2015-sp
233,Computer Architecture,2016,fa,2.9973796791443847,374,13,142,15,14,83,7,6,43,4,2,21,2,22,2016-fa
233,Computer Architecture,2016,sp,2.896388888888889,180,7,64,7,5,35,6,5,24,1,1,10,2,13,2016-sp
233,Computer Architecture,2017,fa,3.0831067961165046,309,2,144,8,8,63,7,5,38,2,0,14,0,18,2017-fa
233,Computer Architecture,2017,sp,2.8051052631578943,190,5,69,4,12,44,0,2,15,1,0,14,0,24,2017-sp
233,Computer Architecture,2018,fa,3.1757879656160464,349,13,166,11,12,57,8,4,43,3,1,18,0,13,2018-fa
233,Computer Architecture,2018,sp,3.1050228310502277,219,5,94,6,13,49,5,6,13,5,1,6,4,12,2018-sp
241,System Programming,2010,fa,2.4148818897637794,127,10,11,12,13,13,7,5,19,6,0,18,0,13,2010-fa
241,System Programming,2010,sp,2.718455882352941,136,4,45,3,3,18,7,6,19,9,2,7,5,8,2010-sp
241,System Programming,2011,fa,2.356101694915254,118,3,18,8,7,21,3,3,20,7,5,3,3,17,2011-fa
241,System Programming,2011,sp,2.301555555555556,135,3,13,10,8,27,11,4,13,5,8,14,7,12,2011-sp
241,System Programming,2012,fa,2.2484967320261435,153,3,29,6,6,25,6,4,17,5,4,24,3,21,2012-fa
241,System Programming,2012,sp,2.448846153846154,26,2,3,2,1,4,2,2,4,0,0,3,0,3,2012-sp
241,System Programming,2013,fa,2.577790697674419,172,3,24,19,14,29,16,17,9,10,0,15,0,16,2013-fa
241,System Programming,2013,sp,2.4967741935483865,186,6,18,16,25,30,14,8,17,23,0,8,0,21,2013-sp
241,System Programming,2014,fa,2.7231288343558284,326,21,31,38,56,31,33,21,22,28,11,11,11,12,2014-fa
241,System Programming,2014,sp,2.7223333333333333,150,7,29,11,14,25,10,9,11,8,6,8,5,7,2014-sp
241,System Programming,2015,fa,2.6916184971098267,173,14,17,13,33,16,18,7,14,8,13,7,9,4,2015-fa
241,System Programming,2015,sp,2.8034196891191714,193,18,19,31,23,23,19,9,9,11,14,5,3,9,2015-sp
241,System Programming,2016,fa,2.9262585034013613,294,51,48,29,39,26,19,15,8,7,13,14,8,17,2016-fa
241,System Programming,2016,sp,2.7073170731707314,328,33,30,33,32,43,43,35,14,8,21,11,4,21,2016-sp
241,System Programming,2017,fa,2.679263803680981,163,11,24,15,21,7,23,12,12,8,7,8,10,5,2017-fa
241,System Programming,2017,sp,2.5810122699386504,326,32,31,37,26,20,34,31,28,19,23,17,13,15,2017-sp
241,System Programming,2018,fa,2.660299625468165,267,45,39,26,21,18,10,25,17,10,10,6,0,40,2018-fa
241,System Programming,2018,sp,2.8177732793522265,247,33,46,15,27,28,16,17,15,11,7,7,6,19,2018-sp
242,Programming Studio,2010,fa,3.5685606060606063,132,6,39,35,27,18,7,0,0,0,0,0,0,0,2010-fa
242,Programming Studio,2010,sp,3.8220792079207926,101,33,37,16,8,6,1,0,0,0,0,0,0,0,2010-sp
242,Programming Studio,2011,fa,3.5762711864406787,118,11,53,16,18,10,3,2,1,1,0,1,0,2,2011-fa
242,Programming Studio,2011,sp,3.395102040816327,98,3,25,26,14,18,5,1,3,0,0,3,0,0,2011-sp
242,Programming Studio,2012,fa,3.7557777777777783,135,22,75,17,7,6,1,2,4,0,0,0,0,1,2012-fa
242,Programming Studio,2013,fa,3.3245999999999998,150,9,33,34,27,21,6,7,7,2,1,2,0,1,2013-fa
242,Programming Studio,2013,sp,3.7496273291925455,161,18,98,16,12,8,4,2,0,1,0,0,0,2,2013-sp
242,Programming Studio,2014,fa,3.250170454545455,176,2,19,51,51,14,19,9,7,0,1,2,0,1,2014-fa
242,Programming Studio,2014,sp,3.5567613636363644,176,33,75,19,18,8,3,3,8,0,4,4,0,1,2014-sp
242,Programming Studio,2015,fa,3.396742857142857,175,4,52,60,24,8,3,9,5,1,3,1,1,4,2015-fa
242,Programming Studio,2015,sp,3.280308641975308,162,10,38,42,24,14,10,4,8,3,4,1,0,4,2015-sp
242,Programming Studio,2016,fa,3.4096491228070174,171,4,40,53,32,17,6,11,6,0,1,0,0,1,2016-fa
242,Programming Studio,2016,sp,3.3660606060606053,165,2,39,48,26,20,10,10,8,0,2,0,0,0,2016-sp
242,Programming Studio,2017,fa,3.3110344827586204,232,13,54,77,33,9,11,10,8,4,1,4,0,8,2017-fa
242,Programming Studio,2017,sp,3.35,182,16,54,34,29,12,13,8,2,3,6,0,3,2,2017-sp
242,Programming Studio,2018,fa,3.3086854460093904,213,27,49,51,31,15,10,7,6,3,3,0,2,9,2018-fa
242,Programming Studio,2018,sp,3.2164835164835175,182,19,47,39,18,13,9,12,6,3,4,3,3,6,2018-sp
296,Honors Course,2012,fa,3.8776666666666673,30,1,22,3,4,0,0,0,0,0,0,0,0,0,2012-fa
296,Honors Course,2013,fa,3.8028125,32,0,22,7,0,2,0,0,1,0,0,0,0,0,2013-fa
296,Honors Course,2013,sp,3.1643076923076925,65,3,28,7,5,5,3,1,7,0,0,0,0,6,2013-sp
296,Honors Course,2014,fa,3.359702970297029,101,14,50,2,7,14,2,0,1,2,0,0,0,9,2014-fa
296,Honors Course,2014,sp,3.698666666666667,105,3,75,5,3,8,6,0,3,0,0,2,0,0,2014-sp
296,Honors Course,2015,fa,3.77,26,7,9,6,1,2,1,0,0,0,0,0,0,0,2015-fa
296,Honors Course,2015,sp,3.4824468085106384,94,8,52,7,3,13,1,0,4,0,0,2,0,4,2015-sp
296,Honors Course,2016,fa,3.76948717948718,117,7,83,14,4,0,1,2,3,1,1,0,0,1,2016-fa
296,Honors Course,2016,sp,3.7971264367816087,87,11,47,13,10,4,2,0,0,0,0,0,0,0,2016-sp
296,Honors Course,2017,fa,3.70828125,128,4,104,0,2,6,0,0,9,0,0,0,0,3,2017-fa
296,Honors Course,2017,sp,3.940841121495328,107,42,55,5,4,0,0,0,1,0,0,0,0,0,2017-sp
296,Honors Course,2018,fa,3.825365853658536,82,0,72,2,0,3,2,0,2,0,0,0,0,1,2018-fa
296,Honors Course,2018,sp,3.4361538461538466,39,13,13,5,2,1,0,0,1,0,0,0,0,4,2018-sp
357,Numerical Methods I,2010,fa,2.5606730769230768,104,8,23,0,14,7,0,5,14,12,0,15,0,6,2010-fa
357,Numerical Methods I,2010,sp,3.3179452054794516,146,2,56,25,14,20,12,2,5,3,0,1,2,4,2010-sp
357,Numerical Methods I,2011,fa,3.129151515151515,165,9,37,18,26,25,11,19,7,9,0,2,0,2,2011-fa
357,Numerical Methods I,2011,sp,3.1524999999999994,168,14,28,25,31,28,5,15,10,4,2,5,0,1,2011-sp
357,Numerical Methods I,2012,fa,3.030227272727273,132,2,30,13,28,18,12,3,12,4,1,6,0,3,2012-fa
357,Numerical Methods I,2013,fa,3.2062903225806454,186,33,28,28,22,30,11,10,11,3,1,4,2,3,2013-fa
357,Numerical Methods I,2013,sp,3.4623076923076934,195,2,91,42,7,22,11,4,6,3,0,4,0,3,2013-sp
357,Numerical Methods I,2014,fa,2.9731838565022417,223,7,61,23,20,30,20,11,19,4,13,7,3,5,2014-fa
357,Numerical Methods I,2014,sp,2.7931313131313127,198,5,19,23,26,35,27,19,16,9,8,3,6,2,2014-sp
357,Numerical Methods I,2015,fa,3.1076262626262627,198,0,51,24,32,33,14,17,8,7,6,3,3,0,2015-fa
357,Numerical Methods I,2015,sp,2.9765757575757577,330,7,93,23,35,49,18,29,35,13,12,9,3,4,2015-sp
357,Numerical Methods I,2016,fa,3.1397233201581023,253,12,113,20,18,15,12,9,11,7,11,12,4,9,2016-fa
357,Numerical Methods I,2016,sp,2.6852747252747253,273,12,25,30,24,50,25,26,31,19,7,10,7,7,2016-sp
357,Numerical Methods I,2017,fa,3.0,433,49,86,43,48,55,30,31,36,13,12,11,5,14,2017-fa
357,Numerical Methods I,2017,sp,2.9938567493112953,363,59,47,52,35,31,34,32,25,15,8,8,5,12,2017-sp
357,Numerical Methods I,2018,fa,3.1015051020408166,392,39,100,44,35,50,30,19,27,20,7,8,4,9,2018-fa
357,Numerical Methods I,2018,sp,3.0545789473684213,380,29,65,70,50,48,22,32,19,12,9,8,9,7,2018-sp
361,Prob & Stat for Computer Sci,2016,fa,3.373333333333333,66,12,16,7,14,6,1,4,2,2,0,1,0,1,2016-fa
361,Prob & Stat for Computer Sci,2017,fa,3.505142857142857,35,4,20,5,2,0,0,0,0,1,0,0,0,3,2017-fa
361,Prob & Stat for Computer Sci,2017,sp,3.41234375,64,8,21,14,3,6,6,1,1,0,0,2,1,1,2017-sp
361,Prob & Stat for Computer Sci,2018,fa,2.939740259740259,77,9,20,10,4,7,5,3,2,3,4,4,1,5,2018-fa
361,Prob & Stat for Computer Sci,2018,sp,3.196,80,10,32,7,4,9,1,0,7,1,1,2,0,6,2018-sp
373,Theory of Computation,2010,fa,3.0244370860927146,151,8,16,21,21,31,21,15,6,6,5,1,0,0,2010-fa
373,Theory of Computation,2010,sp,2.574523809523809,126,8,18,6,9,15,12,9,14,13,7,4,11,0,2010-sp
373,Theory of Computation,2011,fa,2.636549295774648,142,6,17,16,7,16,17,17,21,10,4,2,2,7,2011-fa
373,Theory of Computation,2011,sp,2.8732380952380963,105,5,19,6,10,19,13,7,14,5,0,6,0,1,2011-sp
373,Theory of Computation,2012,fa,3.2306432748538008,171,10,64,22,15,11,7,5,9,25,2,0,0,1,2012-fa
373,Theory of Computation,2012,sp,3.2051282051282053,39,11,9,1,3,4,1,1,4,2,0,3,0,0,2012-sp
373,Theory of Computation,2013,fa,3.1966666666666668,195,7,51,28,29,23,17,14,11,9,6,0,0,0,2013-fa
373,Theory of Computation,2013,sp,3.2269060773480667,181,12,60,19,16,16,18,9,19,10,1,0,0,1,2013-sp
373,Theory of Computation,2014,sp,2.841888111888112,143,5,26,21,7,15,14,14,24,6,4,3,1,3,2014-sp
374,Intro to Algs & Models of Comp,2016,fa,2.5036523929471035,397,14,45,27,31,38,42,53,40,33,38,17,5,14,2016-fa
374,Intro to Algs & Models of Comp,2017,fa,2.5554411764705884,408,7,41,33,38,35,50,65,51,33,33,8,6,8,2017-fa
374,Intro to Algs & Models of Comp,2017,sp,2.7663970588235296,408,20,51,28,46,67,45,46,32,38,17,7,5,6,2017-sp
374,Intro to Algs & Models of Comp,2018,fa,2.69860310421286,451,21,65,47,45,38,50,47,38,37,28,14,7,14,2018-fa
374,Intro to Algs & Models of Comp,2018,sp,2.6555204460966544,538,17,86,46,62,37,61,34,57,40,59,23,9,7,2018-sp
411,Database Systems,2010,fa,3.2296,125,14,30,14,11,20,10,10,9,7,0,0,0,0,2010-fa
411,Database Systems,2010,sp,3.061018518518518,108,5,16,10,26,16,6,15,9,2,1,1,1,0,2010-sp
411,Database Systems,2011,fa,3.097380952380953,168,4,34,27,25,23,19,16,7,4,4,1,3,1,2011-fa
411,Database Systems,2011,sp,3.13125,184,8,26,36,21,36,33,7,8,4,1,1,1,2,2011-sp
411,Database Systems,2012,fa,3.199042553191489,188,20,44,22,16,38,18,4,11,6,2,4,2,1,2012-fa
411,Database Systems,2012,sp,3.536785714285714,28,1,8,11,2,3,1,1,1,0,0,0,0,0,2012-sp
411,Database Systems,2013,fa,2.7585051546391743,194,9,26,18,12,32,31,14,20,18,2,1,6,5,2013-fa
411,Database Systems,2013,sp,3.582786885245901,183,16,87,12,15,43,0,2,8,0,0,0,0,0,2013-sp
411,Database Systems,2014,fa,3.2232124352331613,193,19,40,21,21,41,24,6,12,7,1,1,0,0,2014-fa
411,Database Systems,2014,sp,3.5644615384615386,195,15,82,27,11,46,8,3,2,0,0,1,0,0,2014-sp
411,Database Systems,2015,fa,3.533247422680412,194,31,65,31,12,30,17,2,3,1,0,0,0,2,2015-fa
411,Database Systems,2015,sp,3.1446700507614214,197,17,20,50,25,27,26,7,8,9,4,1,1,2,2015-sp
411,Database Systems,2016,fa,2.9605825242718447,206,16,23,48,17,30,26,6,6,13,5,4,5,7,2016-fa
411,Database Systems,2016,sp,3.4722631578947367,190,6,28,62,56,25,13,0,0,0,0,0,0,0,2016-sp
411,Database Systems,2017,fa,2.6530281690140844,142,7,19,15,14,19,20,10,6,7,5,3,6,11,2017-fa
411,Database Systems,2017,sp,3.5036458333333336,192,13,21,66,63,22,7,0,0,0,0,0,0,0,2017-sp
411,Database Systems,2018,fa,3.557589743589744,195,63,25,43,26,21,5,3,2,3,3,1,0,0,2018-fa
411,Database Systems,2018,sp,3.3840225563909767,266,10,37,93,61,38,15,2,3,1,1,0,0,5,2018-sp
412,Introduction to Data Mining,2010,fa,3.2736170212765963,94,10,20,20,12,15,8,1,2,1,0,0,0,5,2010-fa
412,Introduction to Data Mining,2011,fa,3.550583333333333,120,12,43,31,13,6,6,3,4,0,0,0,0,2,2011-fa
412,Introduction to Data Mining,2012,fa,3.4117721518987336,158,12,45,41,21,14,7,10,2,1,0,1,0,4,2012-fa
412,Introduction to Data Mining,2013,fa,3.313679653679654,231,19,58,44,32,26,30,7,5,3,0,0,0,7,2013-fa
412,Introduction to Data Mining,2014,fa,3.0583908045977,174,15,30,43,14,18,16,7,6,11,2,1,1,10,2014-fa
412,Introduction to Data Mining,2015,fa,2.8161956521739127,184,10,23,36,16,19,25,7,9,18,4,6,2,9,2015-fa
412,Introduction to Data Mining,2016,fa,3.207564766839378,193,23,34,31,24,30,19,12,10,4,0,2,0,4,2016-fa
412,Introduction to Data Mining,2016,sp,3.2644444444444445,81,5,26,17,4,8,9,1,2,5,0,2,0,2,2016-sp
412,Introduction to Data Mining,2017,fa,3.0450837988826818,179,13,29,22,24,39,23,4,9,4,1,2,1,8,2017-fa
412,Introduction to Data Mining,2017,sp,3.63958549222798,193,32,71,47,14,12,5,6,4,0,0,0,0,2,2017-sp
412,Introduction to Data Mining,2018,fa,3.5171875,160,18,54,34,12,18,9,8,5,2,0,0,0,0,2018-fa
412,Introduction to Data Mining,2018,sp,3.297206477732794,247,25,69,41,21,32,21,18,10,0,0,4,0,6,2018-sp
418,Interactive Computer Graphics,2010,fa,3.436122448979592,49,9,13,8,3,7,6,1,0,0,0,1,1,0,2010-fa
418,Interactive Computer Graphics,2010,sp,3.5959574468085105,47,9,15,7,9,1,4,0,1,1,0,0,0,0,2010-sp
418,Interactive Computer Graphics,2011,fa,3.3208,50,2,17,9,4,4,8,1,3,0,0,2,0,0,2011-fa
418,Interactive Computer Graphics,2011,sp,3.4063636363636363,55,5,17,11,2,14,0,4,0,0,0,1,0,1,2011-sp
418,Interactive Computer Graphics,2012,fa,3.1625,72,7,17,8,5,11,11,4,7,0,0,0,0,2,2012-fa
418,Interactive Computer Graphics,2013,fa,3.2874712643678166,87,0,33,5,4,32,3,2,5,1,0,2,0,0,2013-fa
418,Interactive Computer Graphics,2013,sp,3.3577551020408167,147,5,68,1,25,21,8,5,5,0,2,6,0,1,2013-sp
418,Interactive Computer Graphics,2014,fa,3.4268382352941176,136,0,69,23,13,6,9,4,2,0,0,7,0,3,2014-fa
418,Interactive Computer Graphics,2014,sp,3.4361797752808987,178,10,72,23,37,4,12,7,7,1,0,0,0,5,2014-sp
418,Interactive Computer Graphics,2015,fa,3.210424242424242,165,10,47,26,21,22,11,6,7,6,0,3,0,6,2015-fa
418,Interactive Computer Graphics,2015,sp,3.275058823529412,170,12,32,48,31,16,10,3,5,3,1,2,2,5,2015-sp
418,Interactive Computer Graphics,2016,fa,2.950987654320988,162,6,28,25,22,24,19,8,9,4,0,11,0,6,2016-fa
418,Interactive Computer Graphics,2016,sp,3.5537724550898213,167,18,52,51,13,13,9,4,3,2,1,0,0,1,2016-sp
418,Interactive Computer Graphics,2017,fa,3.2330769230769234,143,9,54,13,14,16,8,11,5,3,0,6,0,4,2017-fa
418,Interactive Computer Graphics,2017,sp,2.8533128834355828,163,14,25,23,13,22,19,5,17,3,0,14,0,8,2017-sp
418,Interactive Computer Graphics,2018,fa,3.441616161616162,99,25,25,17,8,6,8,2,3,1,0,0,0,4,2018-fa
418,Interactive Computer Graphics,2018,sp,2.9448333333333334,120,12,25,14,7,15,10,3,20,0,0,12,0,2,2018-sp
421,Progrmg Languages & Compilers,2010,fa,3.069890109890109,91,9,19,7,13,12,12,2,8,4,1,1,1,2,2010-fa
421,Progrmg Languages & Compilers,2010,sp,3.1289999999999996,80,19,19,2,6,7,6,9,3,3,0,2,0,4,2010-sp
421,Progrmg Languages & Compilers,2011,fa,3.131538461538462,91,7,24,5,12,19,2,7,7,4,1,2,0,1,2011-fa
421,Progrmg Languages & Compilers,2011,sp,3.0394852941176467,136,4,45,11,3,27,4,5,25,6,2,1,0,3,2011-sp
421,Progrmg Languages & Compilers,2012,fa,3.050869565217391,92,10,14,14,12,15,4,5,8,2,2,2,3,1,2012-fa
421,Progrmg Languages & Compilers,2012,sp,2.6833333333333336,21,1,4,2,2,1,4,1,2,1,0,0,1,2,2012-sp
421,Progrmg Languages & Compilers,2013,fa,3.054146341463415,123,5,30,15,16,18,8,11,8,3,2,2,1,4,2013-fa
421,Progrmg Languages & Compilers,2013,sp,3.191066666666667,150,17,56,8,10,12,7,9,19,2,0,7,0,3,2013-sp
421,Progrmg Languages & Compilers,2014,fa,3.1622330097087383,103,6,34,9,8,12,12,4,9,3,1,3,2,0,2014-fa
421,Progrmg Languages & Compilers,2014,sp,3.03927374301676,179,16,33,23,20,29,11,15,12,8,0,7,2,3,2014-sp
421,Progrmg Languages & Compilers,2015,sp,3.3918072289156624,166,18,61,22,18,8,16,9,6,1,2,1,2,2,2015-sp
421,Progrmg Languages & Compilers,2016,fa,3.2051479289940827,169,35,37,15,12,28,3,8,16,5,3,3,1,3,2016-fa
421,Progrmg Languages & Compilers,2016,sp,3.53293172690763,249,76,71,25,20,24,6,5,13,4,0,1,0,4,2016-sp
421,Progrmg Languages & Compilers,2017,fa,3.510202429149797,247,19,142,10,13,23,9,7,9,4,2,3,5,1,2017-fa
421,Progrmg Languages & Compilers,2017,sp,3.4443006993006997,286,27,136,37,18,20,8,9,9,3,0,12,0,7,2017-sp
421,Progrmg Languages & Compilers,2018,fa,3.560314136125654,191,12,125,10,5,6,6,10,4,3,2,3,4,1,2018-fa
421,Progrmg Languages & Compilers,2018,sp,3.520503597122302,278,33,125,28,24,28,12,9,7,3,0,8,0,1,2018-sp
425,Distributed Systems,2010,fa,3.2680000000000002,40,2,2,13,8,3,11,0,1,0,0,0,0,0,2010-fa
425,Distributed Systems,2010,sp,2.559117647058823,34,2,2,2,4,3,5,5,4,5,0,0,0,2,2010-sp
425,Distributed Systems,2011,fa,2.6055813953488367,43,6,4,5,3,3,5,1,3,4,2,1,4,2,2011-fa
425,Distributed Systems,2011,sp,3.418837209302325,43,2,16,5,2,11,3,3,1,0,0,0,0,0,2011-sp
425,Distributed Systems,2012,fa,3.588026315789474,76,7,18,22,18,8,3,0,0,0,0,0,0,0,2012-fa
425,Distributed Systems,2012,sp,3.473333333333333,24,3,5,8,1,2,3,2,0,0,0,0,0,0,2012-sp
425,Distributed Systems,2013,fa,3.674158415841585,101,11,22,44,18,5,1,0,0,0,0,0,0,0,2013-fa
425,Distributed Systems,2013,sp,3.0996875000000004,64,7,9,17,6,9,4,2,2,2,1,1,0,4,2013-sp
425,Distributed Systems,2014,fa,3.3539880952380954,168,11,28,41,26,27,30,4,0,0,0,0,0,1,2014-fa
425,Distributed Systems,2014,sp,3.2553333333333327,90,5,17,17,18,17,2,7,4,0,0,2,0,1,2014-sp
425,Distributed Systems,2015,fa,3.4982653061224487,196,20,24,58,61,27,3,2,0,0,0,0,0,1,2015-fa
425,Distributed Systems,2015,sp,3.0025000000000004,132,2,26,8,19,22,22,14,11,5,3,0,0,0,2015-sp
425,Distributed Systems,2016,fa,3.346747572815534,206,17,21,51,45,43,25,2,0,0,0,0,0,2,2016-fa
425,Distributed Systems,2016,sp,3.097151515151515,165,6,35,18,16,47,13,5,14,3,5,0,1,2,2016-sp
425,Distributed Systems,2017,fa,3.254365079365079,252,20,32,58,52,46,26,3,5,1,0,0,0,9,2017-fa
425,Distributed Systems,2017,sp,2.9386309523809517,168,11,25,24,20,20,21,17,10,4,6,4,1,5,2017-sp
425,Distributed Systems,2018,fa,3.4028070175438603,285,21,31,107,75,31,7,0,2,1,0,2,0,8,2018-fa
425,Distributed Systems,2018,sp,3.2126696832579182,221,5,38,40,49,31,26,19,9,1,0,1,1,1,2018-sp
438,Communication Networks,2010,fa,3.2313461538461534,52,1,10,12,5,8,8,6,2,0,0,0,0,0,2010-fa
438,Communication Networks,2010,sp,2.5321621621621624,37,5,2,5,2,5,2,2,4,3,0,2,1,4,2010-sp
438,Communication Networks,2011,sp,2.571714285714286,35,2,4,4,6,3,3,0,4,1,1,2,2,3,2011-sp
438,Communication Networks,2012,fa,3.0374603174603174,63,3,14,9,7,5,10,4,7,0,1,0,1,2,2012-fa
438,Communication Networks,2013,fa,3.0915476190476183,84,2,22,7,2,28,4,4,11,2,1,0,1,0,2013-fa
438,Communication Networks,2013,sp,2.681594202898551,69,4,13,9,3,13,4,1,7,1,1,5,0,8,2013-sp
438,Communication Networks,2014,fa,3.575131578947368,76,8,20,23,11,7,4,3,0,0,0,0,0,0,2014-fa
438,Communication Networks,2014,sp,2.5569999999999995,70,6,13,1,5,12,1,2,16,1,0,5,1,7,2014-sp
438,Communication Networks,2015,fa,3.6056321839080465,87,9,27,21,15,13,0,0,1,1,0,0,0,0,2015-fa
438,Communication Networks,2015,sp,2.482553191489362,94,2,27,5,3,13,4,4,7,4,3,2,5,15,2015-sp
438,Communication Networks,2016,fa,2.617530864197531,81,2,11,9,8,7,12,9,8,4,2,1,0,8,2016-fa
438,Communication Networks,2016,sp,2.6668674698795183,83,3,30,3,5,8,6,2,3,1,2,4,4,12,2016-sp
438,Communication Networks,2017,fa,3.3909876543209867,81,7,20,12,9,23,3,5,2,0,0,0,0,0,2017-fa
438,Communication Networks,2017,sp,2.7272289156626512,83,2,28,2,4,12,7,3,6,4,1,2,3,9,2017-sp
438,Communication Networks,2018,fa,3.439009009009009,111,7,17,35,24,13,11,3,1,0,0,0,0,0,2018-fa
438,Communication Networks,2018,sp,2.3753125,64,0,18,4,2,7,3,2,9,1,1,2,3,12,2018-sp
440,Artificial Intelligence,2010,fa,2.887384615384616,65,11,13,2,1,15,4,1,7,0,0,9,0,2,2010-fa
440,Artificial Intelligence,2010,sp,2.9900000000000007,60,6,9,11,3,11,8,0,3,4,0,2,0,3,2010-sp
440,Artificial Intelligence,2011,fa,3.0307692307692307,65,7,14,4,6,14,3,2,10,0,0,3,1,1,2011-fa
440,Artificial Intelligence,2011,sp,2.9092391304347824,92,2,11,12,16,13,12,10,7,1,4,3,0,1,2011-sp
440,Artificial Intelligence,2012,fa,3.173090909090909,110,17,29,13,4,17,5,1,10,3,5,5,1,0,2012-fa
440,Artificial Intelligence,2013,fa,3.228064516129032,155,21,57,5,9,25,6,0,20,0,1,5,4,2,2013-fa
440,Artificial Intelligence,2013,sp,2.83,88,3,19,7,4,17,7,7,7,8,1,6,2,0,2013-sp
440,Artificial Intelligence,2014,fa,3.2773109243697482,119,0,53,0,0,48,0,0,16,0,0,2,0,0,2014-fa
440,Artificial Intelligence,2014,sp,2.95328125,128,9,19,10,8,35,8,11,19,6,0,2,1,0,2014-sp
440,Artificial Intelligence,2015,fa,3.2004494382022464,178,30,52,7,5,44,5,2,19,1,3,5,1,4,2015-fa
440,Artificial Intelligence,2015,sp,3.136964285714286,168,18,59,7,7,41,0,0,19,2,0,5,1,9,2015-sp
440,Artificial Intelligence,2016,fa,3.146996197718632,263,35,73,8,8,79,4,7,31,1,3,6,3,5,2016-fa
440,Artificial Intelligence,2016,sp,3.055214285714286,140,11,32,5,0,56,14,0,13,0,0,6,0,3,2016-sp
440,Artificial Intelligence,2017,fa,3.2185906040268457,447,74,122,19,16,122,16,11,34,3,1,21,3,5,2017-fa
440,Artificial Intelligence,2017,sp,2.990119760479042,167,3,52,3,0,54,2,0,49,0,0,3,0,1,2017-sp
440,Artificial Intelligence,2018,fa,3.3361732851985564,277,40,53,55,42,29,29,10,7,2,1,2,3,4,2018-fa
440,Artificial Intelligence,2018,sp,3.3914838709677424,310,57,107,8,14,68,22,8,11,2,3,8,1,1,2018-sp
461,Computer Security I,2010,fa,3.216744186046512,86,3,30,0,4,32,0,4,13,0,0,0,0,0,2010-fa
461,Computer Security I,2010,sp,3.0140277777777778,72,0,11,13,9,8,10,11,9,0,0,1,0,0,2010-sp
461,Computer Security I,2011,fa,3.0026271186440683,118,1,22,7,10,49,0,4,22,0,0,3,0,0,2011-fa
461,Computer Security I,2012,fa,2.9773154362416108,149,2,35,1,9,59,0,6,35,0,0,1,0,1,2012-fa
461,Computer Security I,2013,fa,3.1337894736842102,95,9,10,18,12,11,16,10,6,2,1,0,0,0,2013-fa
461,Computer Security I,2013,sp,3.0367073170731707,82,4,5,16,10,23,5,10,5,2,0,2,0,0,2013-sp
461,Computer Security I,2014,fa,3.5564673913043485,184,10,101,24,8,17,7,6,3,0,0,6,0,2,2014-fa
461,Computer Security I,2014,sp,2.946086956521739,92,8,10,8,9,22,11,7,6,9,0,1,0,1,2014-sp
461,Computer Security I,2015,fa,2.9000666666666666,150,4,31,10,17,41,7,5,12,8,0,11,0,4,2015-fa
461,Computer Security I,2015,sp,2.9918400000000003,125,16,24,9,11,22,5,11,13,2,0,10,0,2,2015-sp
461,Computer Security I,2016,fa,2.9455345911949684,159,15,24,11,14,42,9,7,23,3,0,8,0,3,2016-fa
461,Computer Security I,2016,sp,2.8619727891156463,147,6,28,8,6,43,14,7,20,4,2,2,2,5,2016-sp
461,Computer Security I,2017,fa,3.3722897196261687,214,23,39,43,44,34,14,12,0,0,0,2,0,3,2017-fa
461,Computer Security I,2017,sp,2.9536708860759493,158,8,31,9,12,51,9,9,10,7,0,8,0,4,2017-sp
461,Computer Security I,2018,fa,3.341411764705882,170,13,46,27,20,32,12,10,5,3,0,0,0,2,2018-fa
461,Computer Security I,2018,sp,2.853063063063064,111,5,15,8,15,19,15,6,17,5,0,4,0,2,2018-sp
465,User Interface Design,2010,fa,3.241489361702127,47,0,12,5,6,15,5,0,3,1,0,0,0,0,2010-fa
465,User Interface Design,2011,fa,3.0684090909090913,44,2,8,2,6,11,9,3,1,1,0,0,0,1,2011-fa
465,User Interface Design,2012,fa,3.0002040816326527,49,1,10,6,1,12,4,6,8,0,0,1,0,0,2012-fa
465,User Interface Design,2013,fa,3.4563333333333333,90,0,22,29,14,17,6,0,1,0,0,1,0,0,2013-fa
465,User Interface Design,2013,sp,3.148271604938272,81,5,13,13,13,19,6,3,4,0,0,4,0,1,2013-sp
465,User Interface Design,2014,fa,3.0205617977528085,178,1,26,13,24,62,17,11,20,3,0,0,0,1,2014-fa
465,User Interface Design,2015,fa,3.072096774193548,186,6,24,28,19,56,20,10,16,4,0,2,0,1,2015-fa
465,User Interface Design,2015,sp,2.9759333333333338,150,2,13,24,21,35,22,13,12,5,0,2,0,1,2015-sp
465,User Interface Design,2016,fa,3.0652976190476187,168,3,15,19,24,72,7,14,10,3,0,1,0,0,2016-fa
465,User Interface Design,2016,sp,3.4193714285714285,175,3,41,49,35,30,8,5,0,1,1,0,0,2,2016-sp
465,User Interface Design,2017,fa,3.0664534883720926,172,1,24,21,9,76,21,7,4,5,2,1,0,1,2017-fa
465,User Interface Design,2017,sp,3.360055555555556,180,1,29,59,31,33,18,4,3,1,0,1,0,0,2017-sp
465,User Interface Design,2018,fa,3.3750769230769224,130,3,40,32,9,27,7,1,7,0,1,2,0,1,2018-fa
465,User Interface Design,2018,sp,3.3122435897435896,156,15,40,24,21,25,12,5,6,3,0,3,0,2,2018-sp
